d|d|d|d|d|d|d|s|s|r_a|d|r_n
d|d|d|d|d|d|s|r_g|d|r_o|r_n
d|d|d|d|d|d|s|r_g|r_o|r_n
d|d|d|d|d|d|s|r_k|d|d|s|r_n
d|d|d|d|d|d|s|r_k|d|d|s|r_n|d
d|d|d|d|d|d|s|r_k|d|r_a|r_n
d|d|d|d|d|d|s|r_k|d|s|s
d|d|d|d|d|d|s|r_k|r_a|r_n
d|d|d|d|d|d|s|r_k|r_a|s
d|d|d|d|d|d|s|r_k|s|r_n
d|d|d|d|d|d|s|r_s|r_a|r_n
d|d|d|d|d|s|d|s|d|d|d|s|r_n
d|d|d|d|d|s|d|s|r_a|d|r_n
d|d|d|d|d|s|d|s|r_a|d|s
d|d|d|d|d|s|r_g|d|r_o|s
d|d|d|d|d|s|r_k|d|d|d|d|d|s|r_n
d|d|d|d|d|s|r_k|d|r_a|r_n
d|d|d|d|d|s|r_k|d|r_a|s
d|d|d|d|d|s|r_k|d|s|s
d|d|d|d|d|s|r_k|r_a|r_n
d|d|d|d|d|s|r_k|r_a|s
d|d|d|d|d|s|r_k|r_a|s|d|d
d|d|d|d|d|s|r_k|s|r_n
d|d|d|d|d|s|r_k|s|r_n|d
d|d|d|d|d|s|r_k|s|r_n|d|d
d|d|d|d|d|s|s|r_a|d|d|r_n
d|d|d|d|d|s|s|r_a|r_n
d|d|d|d|d|s|s|r_a|s
d|d|d|d|d|s|s|s|d|s
d|d|d|d|d|s|s|s|s|s|r_i|d
d|d|d|d|l|r_k|l|r_r|l|r_t|r_u
d|d|d|d|s|d|s|d|d|s|s
d|d|d|d|s|r_a|d|d|d|s|r_a|s|s|s
d|d|d|d|s|r_g|d|d|r_o|r_n
d|d|d|d|s|r_g|d|d|s|d|s
d|d|d|d|s|r_g|d|d|s|r_n
d|d|d|d|s|r_g|d|r_o|r_n
d|d|d|d|s|r_g|d|r_o|s
d|d|d|d|s|r_g|r_o|r_n
d|d|d|d|s|r_g|r_o|s
d|d|d|d|s|r_g|r_o|s|d|d|d|d
d|d|d|d|s|r_g|s|r_n
d|d|d|d|s|r_k|d|d|d|s|r_n
d|d|d|d|s|r_k|d|d|r_a|r_n
d|d|d|d|s|r_k|d|d|s|r_n
d|d|d|d|s|r_k|d|d|s|s
d|d|d|d|s|r_k|d|r_a|s
d|d|d|d|s|r_k|d|s|r_n|d
d|d|d|d|s|r_k|r_a|r_n
d|d|d|d|s|r_k|r_a|s
d|d|d|d|s|r_k|r_a|s|d|d
d|d|d|d|s|r_k|s|r_n
d|d|d|d|s|r_k|s|r_n|d
d|d|d|d|s|r_k|s|s
d|d|d|d|s|r_s|d|s|s
d|d|d|d|s|r_s|r_a|r_n
d|d|d|d|s|r_s|s|d|d|s
d|d|d|d|s|r_s|s|r_n
d|d|d|d|s|r_s|s|r_n|d
d|d|d|d|s|r_z|r_a|s
d|d|d|d|s|r_z|s|s
d|d|d|d|s|s|r_a|d|r_n
d|d|d|d|s|s|r_an
d|d|d|d|s|s|r_a|s
d|d|d|d|s|s|s|d|s
d|d|d|d|s|s|s|s|d|d|d|s
d|d|d|d|s|s|s|s|r_n
d|d|d|d|s|s|s|s|s|r_t|r_u
d|d|d|d|s|s|s|s|s|r_tu
d|d|d|s|d|d|d|d|s|r_a|r_n
d|d|d|s|d|d|d|s|d|s|s
d|d|d|s|d|d|d|s|r_a|r_n
d|d|d|s|d|s|d|d|d|d|s|r_n|d
d|d|d|s|d|s|r_a|d|s
d|d|d|s|d|s|s|r_n|d
d|d|d|s|d|s|s|r_n|d|d|d
d|d|d|s|d|s|s|r_n|d|d|d|d|d
d|d|d|s|r_g|d|d|r_o|s
d|d|d|s|r_g|d|r_o|r_n
d|d|d|s|r_g|d|r_o|s
d|d|d|s|r_g|r_o|r_n
d|d|d|s|r_k|d|d|d|d|s|s
d|d|d|s|r_k|d|d|d|r_a|s
d|d|d|s|r_k|d|d|d|s|r_n
d|d|d|s|r_k|d|d|d|s|r_n|d
d|d|d|s|r_k|d|d|d|s|r_n|d|d
d|d|d|s|r_k|d|d|d|s|s
d|d|d|s|r_k|d|d|r_a|r_n
d|d|d|s|r_k|d|d|s|r_n
d|d|d|s|r_k|d|d|s|r_n|d
d|d|d|s|r_k|d|d|s|s
d|d|d|s|r_k|d|r_a|r_n
d|d|d|s|r_k|d|r_a|s
d|d|d|s|r_k|d|r_a|s|d|d
d|d|d|s|r_k|d|s|d|d|s|d|d|d|d
d|d|d|s|r_k|d|s|r_n
d|d|d|s|r_k|d|s|r_n|d
d|d|d|s|r_k|d|s|r_n|d|d
d|d|d|s|r_k|d|s|s
d|d|d|s|r_k|r_a|r_n
d|d|d|s|r_k|r_a|s
d|d|d|s|r_k|r_a|s|d
d|d|d|s|r_k|s|d|d|s
d|d|d|s|r_k|s|r_n
d|d|d|s|r_k|s|r_n|d
d|d|d|s|r_k|s|r_n|d|d
d|d|d|s|r_k|s|r_n|d|d|d
d|d|d|s|r_k|s|r_n|d|d|d|d
d|d|d|s|r_k|s|s
d|d|d|s|r_k|s|s|d
d|d|d|s|r_k|s|s|d|d
d|d|d|s|r_k|s|s|d|d|d|d|d|d|d
d|d|d|s|r_s|d|s|s
d|d|d|s|r_s|r_a|r_n
d|d|d|s|r_s|s|d|d|s
d|d|d|s|r_s|s|r_n
d|d|d|s|r_z|d|d|d|s|s
d|d|d|s|r_z|d|d|s|r_n|d
d|d|d|s|r_z|d|r_a|r_n
d|d|d|s|r_z|r_a|r_n
d|d|d|s|r_z|r_a|s
d|d|d|s|r_z|s|r_n
d|d|d|s|s|r_a|d|d|r_n
d|d|d|s|s|r_a|d|r_n
d|d|d|s|s|r_a|d|s
d|d|d|s|s|r_a|d|s|d
d|d|d|s|s|r_an
d|d|d|s|s|s|d|s
d|d|d|s|s|s|r_n
d|d|d|s|s|s|r_n|d|d
d|d|d|s|s|s|r_n|d|d|d|d
d|d|d|s|s|s|s|r_n|d|d
d|d|d|s|s|s|s|s
d|d|d|s|s|s|s|s|r_t|d|r_u
d|d|d|s|s|s|s|s|r_t|r_u
d|d|d|s|s|s|s|s|r_tu
d|d|l|r_a|r_p|r_e|r_r
d|d|l|r_z|r_a|r_r|r_o
d|d|l|s|s|s
d|d|l|s|s|s|s
d|d|s|d|d|d|d|s|r_a|s
d|d|s|d|d|d|d|s|s|d|d|s
d|d|s|d|d|d|s|s|r_n|d|d|d
d|d|s|d|d|d|s|s|s
d|d|s|d|d|s|d|d|s
d|d|s|d|d|s|s|s|r_i
d|d|s|d|d|s|s|s|r_i|d|d
d|d|s|d|d|s|s|s|s|r_i
d|d|s|d|s
d|d|s|d|s|d|d|d|d|d|d|s|s
d|d|s|d|s|r_a|d|d|s
d|d|s|d|s|r_a|s
d|d|s|d|s|s|r_n|d
d|d|s|d|s|s|r_n|d|d
d|d|s|d|s|s|r_n|d|d|d|d
d|d|s|r_k|d|d|s|r_n|d
d|d|s|r_k|d|r_a|s
d|d|s|r_k|d|s|r_n|d
d|d|s|r_k|r_a|r_n
d|d|s|r_z|d|d|d|d|d|s|s
d|d|s|r_z|d|d|d|d|s|s
d|d|s|r_z|d|d|d|s|s
d|d|s|r_z|d|d|s|r_n|d
d|d|s|r_z|d|d|s|s
d|d|s|r_z|d|r_a|r_n
d|d|s|r_z|d|r_a|s
d|d|s|r_z|d|s|d|d|s|d|d|d|d
d|d|s|r_z|d|s|r_n
d|d|s|r_z|d|s|r_n|d
d|d|s|r_z|r_a|r_n
d|d|s|r_z|r_a|s
d|d|s|r_z|r_a|s|d
d|d|s|r_z|r_a|s|d|d
d|d|s|r_z|s|d|d|d|d|s
d|d|s|r_z|s|d|d|s
d|d|s|r_z|s|r_n
d|d|s|r_z|s|r_n|d
d|d|s|r_z|s|r_n|d|d|d
d|d|s|r_z|s|s
d|d|s|r_z|s|s|d
d|d|s|s
d|d|s|s|d|d|d|d|d|s|r_n
d|d|s|s|d|d|d|d|d|s|r_n|d
d|d|s|s|d|d|d|d|d|s|s
d|d|s|s|d|d|d|d|s|r_n
d|d|s|s|d|d|d|d|s|r_n|d
d|d|s|s|d|d|d|d|s|r_n|d|d
d|d|s|s|d|d|d|d|s|s
d|d|s|s|d|d|d|s|r_n|d
d|d|s|s|d|d|d|s|r_n|d|d|d
d|d|s|s|d|d|d|s|r_n|d|d|d|d
d|d|s|s|d|d|d|s|s
d|d|s|s|d|d|d|s|s|d|d
d|d|s|s|d|d|s|r_n|d
d|d|s|s|d|d|s|r_n|d|d
d|d|s|s|r_a|d|d|d|d|d|d|d|s
d|d|s|s|r_a|d|d|d|d|r_n
d|d|s|s|r_a|d|d|d|r_n
d|d|s|s|r_a|d|d|d|s
d|d|s|s|r_a|d|d|r_n
d|d|s|s|r_a|d|d|s
d|d|s|s|r_a|d|r_n
d|d|s|s|r_a|d|s
d|d|s|s|r_a|d|s|d|d
d|d|s|s|r_an
d|d|s|s|r_a|r_n
d|d|s|s|r_a|s
d|d|s|s|r_a|s|d
d|d|s|s|r_a|s|d|d
d|d|s|s|r_a|s|d|d|d|d
d|d|s|s|r_o|d
d|d|s|s|s
d|d|s|s|s|s
d|d|s|s|s|s|s
d|d|s|s|s|s|s|s|s
d|d|s|s|s|s|s|s|s|s
d|d|s|s|s|s|s|s|s|s|s
d|d|s|s|s|s|s|s|s|s|s|s|s|s
d|l|r_k|r_a|r_n
d|s|d|d|d|d|d|d|s|r_a|r_n
d|s|d|d|d|d|d|d|s|s|r_n
d|s|d|d|d|d|d|s|r_a|r_n
d|s|d|d|d|d|d|s|r_a|s
d|s|d|d|d|d|s
d|s|d|d|d|d|s|d|s|s
d|s|d|d|d|d|s|r_a|r_n
d|s|d|d|d|s|d|s|s
d|s|d|d|d|s|r_a|r_n
d|s|d|d|s|d|d|d|d|d|d|d|d|d|s|s
d|s|d|d|s|d|d|d|d|d|s|s
d|s|d|d|s|d|d|d|s|s
d|s|d|d|s|d|d|s|r_n|d
d|s|d|d|s|d|d|s|r_n|d|d
d|s|d|d|s|r_a|d|r_a|r_a|s|s|d|d
d|s|d|d|s|r_a|d|r_n
d|s|d|d|s|r_a|s
d|s|d|d|s|r_a|s|d
d|s|d|d|s|r_a|s|d|d|d
d|s|d|d|s|s|d|d|d|d|d|d|s
d|s|d|d|s|s|d|d|d|d|d|s
d|s|d|d|s|s|d|d|s
d|s|d|d|s|s|r_n|d|d|d
d|s|d|d|s|s|r_n|d|d|d|d|d|d
d|s|d|d|s|s|s
d|s|d|s|d|d|d|d|d|d|d|d|s|s
d|s|d|s|d|d|d|d|d|d|s|s
d|s|d|s|d|d|d|d|d|s|s
d|s|d|s|d|d|d|s|s
d|s|d|s|d|d|d|s|s|d
d|s|d|s|d|d|d|s|s|d|d|d|d
d|s|d|s|s|d|d|d|d|d|d|s
d|s|d|s|s|d|d|d|d|d|d|s|d
d|s|d|s|s|d|d|d|d|d|s
d|s|d|s|s|d|d|d|d|d|s|d
d|s|d|s|s|d|d|d|d|d|s|d|d
d|s|d|s|s|d|d|d|d|s
d|s|d|s|s|d|d|d|s
d|s|d|s|s|d|d|d|s|d|d|d|d
d|s|d|s|s|d|d|s
d|s|d|s|s|d|d|s|d
d|s|d|s|s|d|d|s|d|d
d|s|d|s|s|d|d|s|d|d|d|d|d|d
d|s|d|s|s|d|s
d|s|d|s|s|r_n|d
d|s|d|s|s|r_n|d|d
d|s|d|s|s|r_n|d|d|d
d|s|d|s|s|r_n|d|d|d|d
d|s|d|s|s|r_n|d|d|d|d|d
d|s|d|s|s|r_n|d|d|d|d|d|d
d|s|d|s|s|r_n|d|d|d|d|d|d|d|d
d|s|d|s|s|r_n|d|d|d|d|d|d|d|d|d
d|s|d|s|s|r_r|d|r_r|r_i
d|s|d|s|s|s|s
d|s|d|s|s|s|s|r_i|d|d
d|s|r_a|d|d|d|r_a|s|r_a|r_t|s|d|d
d|s|r_a|r_a|r_a|r_a|s|r_u|d|d
d|s|r_a|r_a|r_a|r_a|s|s|d
d|s|r_a|s|s|s|s
d|s|r_d|d|s|s|r_i|d
d|s|r_d|r_u|s|r_i|d
d|s|r_d|r_u|s|r_i|d|d|d
d|s|r_g|d|d|d|d|d|d|d|d|r_o|r_n
d|s|r_g|d|d|d|d|d|d|r_o|r_n
d|s|r_g|d|d|d|d|d|r_o|r_n
d|s|r_g|d|d|d|d|d|r_o|s
d|s|r_g|d|d|d|d|r_o|r_n
d|s|r_g|d|d|d|d|r_o|s
d|s|r_g|d|d|d|r_o|r_n
d|s|r_g|d|d|r_o|r_n
d|s|r_g|d|d|r_o|s
d|s|r_g|d|r_o|r_n
d|s|r_g|d|r_o|s
d|s|r_g|d|r_o|s|d|d
d|s|r_i
d|s|r_i|d|d|d|d
d|s|r_k|d|d|d|d|d|d|s|r_n
d|s|r_k|d|d|d|d|s|r_n|d
d|s|r_k|d|d|d|d|s|s
d|s|r_k|d|d|d|r_a|r_n
d|s|r_k|d|d|d|s|s
d|s|r_k|d|d|r_a|r_n
d|s|r_k|d|d|r_a|s
d|s|r_k|d|d|s|r_n
d|s|r_k|d|d|s|r_n|d
d|s|r_k|d|d|s|r_n|d|d
d|s|r_k|d|d|s|s
d|s|r_k|d|r_a|r_n
d|s|r_k|d|r_a|s
d|s|r_k|d|s|d|d|s
d|s|r_k|d|s|d|d|s|d|d|d|d
d|s|r_k|d|s|r_n
d|s|r_k|d|s|r_n|d
d|s|r_k|d|s|r_n|d|d
d|s|r_k|r_a|r_n
d|s|r_k|r_a|s
d|s|r_k|r_a|s|d
d|s|r_k|r_a|s|d|d
d|s|r_k|r_a|s|d|d|d
d|s|r_k|r_a|s|d|d|d|d
d|s|r_k|s|r_n|d
d|s|r_k|s|r_n|d|d|d
d|s|r_k|s|s
d|s|r_k|s|s|d
d|s|r_k|s|s|d|d
d|s|r_ñ|s|s|s|s
d|s|r_s|d|d|r_a|s
d|s|r_z|d|d|d|d|d|s|r_n
d|s|r_z|d|d|d|d|d|s|s
d|s|r_z|d|d|d|d|d|s|s|d
d|s|r_z|d|d|d|d|r_a|s
d|s|r_z|d|d|d|d|s|r_n
d|s|r_z|d|d|d|d|s|s
d|s|r_z|d|d|d|s|s
d|s|r_z|d|d|r_a|s
d|s|r_z|d|d|s|d|d|s
d|s|r_z|d|d|s|r_n
d|s|r_z|d|d|s|r_n|d
d|s|r_z|d|d|s|r_n|d|d
d|s|r_z|d|d|s|r_n|d|d|d
d|s|r_z|d|r_a|r_n
d|s|r_z|r_a|s
d|s|r_z|r_a|s|d
d|s|r_z|r_a|s|d|d
d|s|r_z|r_a|s|d|d|d
d|s|r_z|r_a|s|d|d|d|d
d|s|r_z|r_a|s|d|d|d|d|d
d|s|r_z|r_a|s|d|d|d|d|d|d
d|s|r_z|s|d|d|d|d|d|d|d|s
d|s|r_z|s|d|d|d|d|d|s
d|s|r_z|s|r_n
d|s|r_z|s|r_n|d|d|d
d|s|r_z|s|r_n|d|d|d|d|d|d
d|s|r_z|s|r_n|d|d|d|d|d|d|d|d
d|s|s|d|d|d|d|s|r_n
d|s|s|d|d|d|d|s|r_n|d
d|s|s|d|d|d|s|d|d|d|d|s
d|s|s|d|d|d|s|r_n|d
d|s|s|d|d|d|s|s
d|s|s|d|d|d|s|s|d|d
d|s|s|r_a|d|d|r_n
d|s|s|r_a|d|d|s
d|s|s|r_a|d|r_n
d|s|s|r_a|d|s
d|s|s|r_a|d|s|d
d|s|s|r_a|d|s|d|d
d|s|s|r_an
d|s|s|s
d|s|s|s|d|d|d|d|s
d|s|s|s|d|d|d|s
d|s|s|s|d|d|s
d|s|s|s|d|s
d|s|s|s|d|s|d
d|s|s|s|d|s|d|d
d|s|s|s|d|s|d|d|d
d|s|s|s|r_n
d|s|s|s|r_n|d
d|s|s|s|r_n|d|d
d|s|s|s|r_n|d|d|d
d|s|s|s|r_n|d|d|d|d
d|s|s|s|r_r|d|r_r|r_i
d|s|s|s|r_r|r_r|r_i
d|s|s|s|s
d|s|s|s|s|d|d|d|d|d|s|s
d|s|s|s|s|d|d|d|d|s|s
d|s|s|s|s|d|d|d|s|r_n
d|s|s|s|s|d|d|d|s|s
d|s|s|s|s|d|d|s
d|s|s|s|s|d|d|s|d|d
d|s|s|s|s|d|s
d|s|s|s|s|r_n
d|s|s|s|s|r_n|d
d|s|s|s|s|r_n|d|d
d|s|s|s|s|r_n|d|d|d
d|s|s|s|s|r_r|d|s|d|d|d|d|d
d|s|s|s|s|r_r|r_i
d|s|s|s|s|r_r|s|d|d
d|s|s|s|s|r_r|s|d|d|d
d|s|s|s|s|s
d|s|s|s|s|s|d|d|d|d|d|s
d|s|s|s|s|s|d|d|s|r_u|d
d|s|s|s|s|s|d|s
d|s|s|s|s|s|r_i|d
d|s|s|s|s|s|r_i|d|d
d|s|s|s|s|s|r_i|d|d|d|d
d|s|s|s|s|s|r_i|d|d|d|d|d
d|s|s|s|s|s|r_n|d
d|s|s|s|s|s|r_n|d|d|d|d
d|s|s|s|s|s|r_t|d|d|d|d|r_u
d|s|s|s|s|s|r_t|d|d|r_u
d|s|s|s|s|s|r_t|d|r_u
d|s|s|s|s|s|r_t|r_u
d|s|s|s|s|s|r_t|s
d|s|s|s|s|s|r_tu
d|s|s|s|s|s|s
d|s|s|s|s|s|s|d|d|d|d|s
d|s|s|s|s|s|s|r_i|d
d|s|s|s|s|s|s|r_i|d|d|d
d|s|s|s|s|s|s|r_i|d|d|d|d|d
d|s|s|s|s|s|s|r_u
d|s|s|s|s|s|s|r_u|d
d|s|s|s|s|s|s|r_u|d|d
d|s|s|s|s|s|s|r_u|d|d|d
d|s|s|s|s|s|s|r_u|d|d|d|d
d|s|s|s|s|s|s|s
d|s|s|s|s|s|s|s|s
d|s|s|s|s|s|s|s|s|d|d
d|s|s|s|s|s|s|s|s|d|d|d
d|s|s|s|s|s|s|s|s|s
d|s|s|s|s|s|s|s|s|s|d|d
d|s|s|s|s|s|s|s|s|s|s|s
i_*e|r_u|r_n
i_*e|r_u|s
i_*e|s|d|s
i_*e|s|d|s|d
i_*e|s|r_n
i_*e|s|r_n|d
i_*e|s|s
i_*e|s|s|d|d|d
i_h|s
i_h|s|s|s|s|d|d|d
i_h|s|s|s|s|d|d|d|d
i_h|s|s|s|s|s|s
i_h|s|s|s|s|s|s|s|s|s|s|d
i_i|r_a|s
i_i|r_a|s|d
i_i|r_a|s|d|d
i_i|r_a|s|d|d|d
i_i|r_a|s|d|d|d|d
i_i|s|d|d|d|d|d|s
i_i|s|d|d|d|d|d|s|d
i_i|s|d|d|d|d|s
i_i|s|d|d|s
i_i|s|d|d|s|d
i_i|s|d|d|s|d|d
i_i|s|r_n|d
i_i|s|r_n|d|d
i_i|s|r_n|d|d|d
i_i|s|r_n|d|d|d|d|d
i_i|s|r_n|d|d|d|d|d|d
i_*|s|s|r_n
i_*|s|s|r_n|d
i_*|s|s|r_n|d|d
i_*|s|s|s
l
l|l
l|l|l
l|l|l|l
l|l|l|l|l
l|l|l|l|l|l
l|l|l|l|l|l|l
l|l|l|l|l|l|l|l
l|l|l|l|l|l|l|l|l
l|l|l|l|l|l|l|l|l|l
l|l|l|l|l|l|l|l|l|l|l
l|l|l|l|l|l|l|l|l|l|s|r_a|d|d|r_u|r_r|r_r|r_e
l|l|l|l|s|r_.|d|d|d|d|d|d
l|l|l|s|l|l|l|l|l|l
l|l|l|s|l|s|s|s|s|s|s|s|s|s|s
l|l|l|s|s|s|s|d
l|l|s|s
l|r_a
l|r_A|s|s|d|d
l|r_a|s|s|s|d|d|d|d
l|r_d|r_i|r_t|r_u
l|r_e|s|s|s|s
l|r_e|s|s|s|s|s
l|r_h|r_e
l|r_i|s|s|s|s
l|r_m|s|s|s|s|s|s|s|s
l|r_r|s|r_d|s|s|r_u|d|d
l|r_u|s|d|s|d
l|r_u|s|r_a
l|r_u|s|r_a|d
l|r_u|s|r_a|d|d|d
l|r_u|s|s|s|s|s
l|r_W
l|s
l|s|d
l|s|d|d
l|s|d|d|d
l|s|d|d|d|d
l|s|d|d|d|d|d
l|s|d|d|d|d|d|d
l|s|d|d|d|d|d|d|d
l|s|d|d|d|d|d|d|d|d
l|s|d|d|d|d|d|d|d|d|d|d
l|s|d|d|d|d|d|d|d|s|s
l|s|d|d|d|d|d|s
l|s|d|d|d|d|d|s|r_i
l|s|d|d|d|d|d|s|s
l|s|d|d|d|d|s
l|s|d|d|d|d|s|s
l|s|d|d|d|s
l|s|d|d|s
l|s|d|d|s|s
l|s|d|s|r_a
l|s|d|s|s
l|s|i_h|s|d|d
l|s|i_N|s|s|d|d
l|s|i_+!|s|s|s|s|s|d|d
l|s|i_+|s|s|s|s|s|r_!
l|s|i_+|s|s|s|s|s|r_!|d
l|s|i_t|s|d
l|s|i_t|s|d|d|d|d|d|d
l|s|i_t|s|s|s
l|s|i_t|s|s|s|s|s|d
l|s|i_t|s|s|s|s|s|s|s|s|s|s|d|d
l|s|l|s
l|s|r_.
l|s|r_a|d
l|s|r_.|d|d|d|d|d
l|s|r_.|d|d|d|d|d|d
l|s|r_.|d|d|d|d|d|d|d
l|s|r_.|d|d|d|d|d|d|d|d
l|s|r_.|d|d|d|d|d|d|d|d|d
l|s|r_R|d|s|s|s|s|s|s
l|s|r_s|s|d|s|s|s
l|s|r_t-b|s|s|s|s|s
l|s|r_t|r_s|r_i
l|s|r_t|r_z|s|s|s|s|s|s|s|s|d|d|d
l|s|s
l|s|s|d
l|s|s|d|d
l|s|s|d|d|d
l|s|s|d|d|d|d
l|s|s|d|d|d|d|d
l|s|s|d|d|d|d|d|d
l|s|s|d|d|d|d|d|d|d
l|s|s|d|d|d|d|d|d|d|s
l|s|s|d|d|d|d|d|d|d|s|d
l|s|s|d|d|d|d|d|d|s
l|s|s|d|d|d|d|d|s
l|s|s|d|d|d|d|d|s|d
l|s|s|d|d|d|d|s
l|s|s|d|d|d|d|s|s
l|s|s|d|d|d|s
l|s|s|d|d|d|s|d
l|s|s|d|d|d|s|s
l|s|s|d|d|s
l|s|s|d|d|s|d
l|s|s|d|d|s|d|d
l|s|s|d|d|s|d|d|d
l|s|s|d|d|s|d|d|d|d
l|s|s|d|d|s|d|d|d|d|d|d
l|s|s|d|d|s|s
l|s|s|d|d|s|s|d
l|s|s|d|s|d
l|s|s|d|s|r_s|r_i
l|s|s|d|s|r_z|d|r_i
l|s|s|d|s|r_z|r_i
l|s|s|i_e_|s|s|s
l|s|s|i_+|i_+|s|s|s|s|s|d|d|d|s
l|s|s|i_+|r_+f|s|s|s|s
l|s|s|i_~+|s|s|s|s|s|r_!
l|s|s|i_t|s|s|d
l|s|s|i_t|s|s|d|d
l|s|s|i_t|s|s|d|d|d|d
l|s|s|i_t|s|s|s|s|s|d
l|s|s|i_ut
l|s|s|i_z|r_u
l|s|s|r_.
l|s|s|r_a
l|s|s|r_a|d
l|s|s|r_a|d|d|d
l|s|s|r_a|d|d|d|d|d
l|s|s|r_a|r_k
l|s|s|r_a|s
l|s|s|r_a|s|d|d
l|s|s|r_A|s|s|d|d|d
l|s|s|r_atu
l|s|s|r_.|d|d|d|d|d|d
l|s|s|r_~|d|d|d|d|d|d|d|r_.
l|s|s|r_~|d|d|d|d|d|d|r_.
l|s|s|r_~|d|d|d|d|r_.
l|s|s|r_d|d|d|d|r_u
l|s|s|r_d|s|r_a
l|s|s|r_du
l|s|s|r_i
l|s|s|r_i|d|d
l|s|s|r_i|d|d|d
l|s|s|r_i|d|d|d|d
l|s|s|r_i|d|d|d|d|d|d|d
l|s|s|r_k
l|s|s|r_k|s|d|d
l|s|s|r_n|d
l|s|s|r_n|d|d
l|s|s|r_n|d|d|d
l|s|s|r_n|d|d|d|d|d
l|s|s|r_N|s|s|s
l|s|s|r_N|s|s|s|d
l|s|s|r_N|s|s|s|d|d
l|s|s|r_N|s|s|s|d|d|d
l|s|s|r_o
l|s|s|r_ri
l|s|s|r_R|s|s|s|d|d|d
l|s|s|r_R|s|s|s|s|s|d
l|s|s|r_R|s|s|s|s|s|d|d
l|s|s|r_R|s|s|s|s|s|d|d|d
l|s|s|r_s|s|s|d|d|d|s|s
l|s|s|r_t|d|d|d|d|d|d|d|r_.
l|s|s|r_t|d|d|d|d|d|r_.
l|s|s|r_t|d|d|d|d|r_.
l|s|s|r_tu
l|s|s|r_u
l|s|s|r_u|d
l|s|s|r_u|d|d
l|s|s|r_u|d|d|d|d
l|s|s|s
l|s|s|s|d
l|s|s|s|d|d
l|s|s|s|d|d|d
l|s|s|s|d|d|d|d
l|s|s|s|d|d|d|d|d
l|s|s|s|d|d|d|d|d|d
l|s|s|s|d|d|d|d|d|d|d
l|s|s|s|d|d|d|d|d|d|d|d
l|s|s|s|d|d|d|d|d|d|d|d|d
l|s|s|s|d|d|d|d|d|d|d|s
l|s|s|s|d|d|d|d|d|d|d|s|s
l|s|s|s|d|d|d|d|d|d|s
l|s|s|s|d|d|d|d|d|s
l|s|s|s|d|d|d|d|d|s|s|s
l|s|s|s|d|d|d|d|s
l|s|s|s|d|d|d|d|s|s
l|s|s|s|d|d|d|s
l|s|s|s|d|d|d|s|r_a
l|s|s|s|d|d|d|s|s
l|s|s|s|d|d|d|s|s|s
l|s|s|s|d|d|s
l|s|s|s|d|d|s|d
l|s|s|s|d|d|s|d|d
l|s|s|s|d|d|s|s
l|s|s|s|d|d|s|s|s
l|s|s|s|d|s|r_s|r_i
l|s|s|s|d|s|s|s|s|d|d
l|s|s|s|i_+|i_+|s|s|s
l|s|s|s|i_+!|s
l|s|s|s|i_~+|s|s|s|s|s|r_!
l|s|s|s|i_-|s|s|s|s|s|s|s|d
l|s|s|s|i_t|s|s|d|d
l|s|s|s|i_t|s|s|s|s|s|d
l|s|s|s|r_a
l|s|s|s|r_a|d
l|s|s|s|r_a|d|d|d|d
l|s|s|s|r_a|d|d|d|d|d
l|s|s|s|r_ara|r_z
l|s|s|s|r_a|s|s|s|s|s|i_+!|s|s|s|s|d
l|s|s|s|r_~|d|d|d|d|d|d|d|r_.
l|s|s|s|r_~|d|d|d|d|d|d|r_.
l|s|s|s|r_~|d|d|d|d|d|r_.
l|s|s|s|r_~|d|d|d|d|r_.
l|s|s|s|r_d|d|d|r_u
l|s|s|s|r_du
l|s|s|s|r_g|s|s|s|s|s
l|s|s|s|r_i
l|s|s|s|r_i|d|d
l|s|s|s|r_i|d|d|d
l|s|s|s|r_i|d|d|d|d
l|s|s|s|r__iza|r_n
l|s|s|s|r_k
l|s|s|s|r_k|d|d
l|s|s|s|r_k|s|d
l|s|s|s|r_n|d|d|d|d
l|s|s|s|r_r|d|d|d|r_i
l|s|s|s|r_r|d|d|r_i
l|s|s|s|r_ri
l|s|s|s|r_R|s|s|s|d|d|d
l|s|s|s|r_R|s|s|s|r_A|d
l|s|s|s|r_R|s|s|s|s|s|d
l|s|s|s|r_R+|s|s|s|s|s|s|r_!
l|s|s|s|r_tu
l|s|s|s|r_u|d|d
l|s|s|s|r_u|s|s
l|s|s|s|r_u|s|s|d
l|s|s|s|r_y
l|s|s|s|r_y|d|d
l|s|s|s|r_y|d|d|d|d
l|s|s|s|s
l|s|s|s|s|d
l|s|s|s|s|d|d
l|s|s|s|s|d|d|d
l|s|s|s|s|d|d|d|d
l|s|s|s|s|d|d|d|d|d
l|s|s|s|s|d|d|d|d|d|d
l|s|s|s|s|d|d|d|d|d|d|d
l|s|s|s|s|d|d|d|d|d|d|d|d
l|s|s|s|s|d|d|d|d|d|d|d|d|d
l|s|s|s|s|d|d|d|d|d|s
l|s|s|s|s|d|d|d|d|s
l|s|s|s|s|d|d|d|d|s|d
l|s|s|s|s|d|d|d|d|s|s
l|s|s|s|s|d|d|d|d|s|s|s
l|s|s|s|s|d|d|d|s
l|s|s|s|s|d|d|d|s|d
l|s|s|s|s|d|d|d|s|d|d|d
l|s|s|s|s|d|d|d|s|s|s
l|s|s|s|s|d|d|s
l|s|s|s|s|d|d|s|d
l|s|s|s|s|d|d|s|d|d
l|s|s|s|s|d|d|s|d|d|d
l|s|s|s|s|d|d|s|s
l|s|s|s|s|d|d|s|s|s|d
l|s|s|s|s|d|s
l|s|s|s|s|d|s|d
l|s|s|s|s|d|s|r_s|r_i
l|s|s|s|s|d|s|s|s
l|s|s|s|s|d|s|s|s|s|d|d|d
l|s|s|s|s|i_e|s|s
l|s|s|s|s|i_i_|r_z|s|r_n
l|s|s|s|s|i_+|i_+|s|s|d|d|d|d
l|s|s|s|s|i_i|s|s|s|d|d
l|s|s|s|s|i_+|i_+|s|s|s|s
l|s|s|s|s|i_+|i_+|s|s|s|s|s|d
l|s|s|s|s|i_+|i_+|s|s|s|s|s|s
l|s|s|s|s|i_+|i_+|s|s|s|s|s|s|d
l|s|s|s|s|i_+!|s|s|d|d|d|d|d|d
l|s|s|s|s|i__|s|s|s
l|s|s|s|s|i_+|s|s|s|s|s|r_!
l|s|s|s|s|i_t|s|s|s|s|d
l|s|s|s|s|l|s|s|s
l|s|s|s|s|l|s|s|s|s|s
l|s|s|s|s|l|s|s|s|s|s|s|s|s
l|s|s|s|s|l|s|s|s|s|s|s|s|s|d|d|d|d|d|d
l|s|s|s|s|r_a
l|s|s|s|s|r_a|d
l|s|s|s|s|r_a|d|d|d
l|s|s|s|s|r_A|s|s|s
l|s|s|s|s|r_A|s|s|s|d
l|s|s|s|s|r_d|d|d|d|r_u
l|s|s|s|s|r_i
l|s|s|s|s|r_i|d
l|s|s|s|s|r_i|d|d
l|s|s|s|s|r__iza|r_n
l|s|s|s|s|r_k
l|s|s|s|s|r_k|d
l|s|s|s|s|r_k|d|d
l|s|s|s|s|r_k|d|d|d
l|s|s|s|s|r_k|d|d|d|d
l|s|s|s|s|r_k|d|d|d|d|d
l|s|s|s|s|r_k|s
l|s|s|s|s|r_n|d|d
l|s|s|s|s|r_o
l|s|s|s|s|r_ri
l|s|s|s|s|r_+|r_!|r_p|r_e
l|s|s|s|s|r_tu
l|s|s|s|s|r_u|d
l|s|s|s|s|r_u|d|d
l|s|s|s|s|r_u|d|d|d
l|s|s|s|s|r_u|d|d|d|d
l|s|s|s|s|s
l|s|s|s|s|s|d
l|s|s|s|s|s|d|d
l|s|s|s|s|s|d|d|d
l|s|s|s|s|s|d|d|d|d
l|s|s|s|s|s|d|d|d|d|d
l|s|s|s|s|s|d|d|d|d|d|d
l|s|s|s|s|s|d|d|d|d|d|d|d
l|s|s|s|s|s|d|d|d|d|d|d|d|d
l|s|s|s|s|s|d|d|d|d|d|d|s
l|s|s|s|s|s|d|d|d|d|d|s
l|s|s|s|s|s|d|d|d|d|d|s|s
l|s|s|s|s|s|d|d|d|d|s
l|s|s|s|s|s|d|d|d|d|s|s
l|s|s|s|s|s|d|d|d|s
l|s|s|s|s|s|d|d|d|s|s
l|s|s|s|s|s|d|d|s
l|s|s|s|s|s|d|d|s|d
l|s|s|s|s|s|d|d|s|d|d
l|s|s|s|s|s|d|d|s|s
l|s|s|s|s|s|d|s|s|s
l|s|s|s|s|s|d|s|s|s|r_a|d
l|s|s|s|s|s|i_e|s|s|s
l|s|s|s|s|s|i_+|i_+|s|s|s|s|d|d|d|d
l|s|s|s|s|s|i_+|r_+j|s|s|s|s|s|s|d
l|s|s|s|s|s|i_+|s|s
l|s|s|s|s|s|i_+!|s|s|d|d
l|s|s|s|s|s|i_+|s|s|s|d
l|s|s|s|s|s|l|s|s|s|s|s|d|d|d|s
l|s|s|s|s|s|r_a
l|s|s|s|s|s|r_a|d
l|s|s|s|s|s|r_ad|s
l|s|s|s|s|s|r_a|r_d|r_a
l|s|s|s|s|s|r_A|s|s|s|d|d
l|s|s|s|s|s|r_d|d|d|d|r_u
l|s|s|s|s|s|r_d|d|d|r_u
l|s|s|s|s|s|r_du
l|s|s|s|s|s|r_i
l|s|s|s|s|s|r_i|d|d|d
l|s|s|s|s|s|r_k
l|s|s|s|s|s|r_r|d|d|d|r_i
l|s|s|s|s|s|r_r|d|d|r_i
l|s|s|s|s|s|r_ri
l|s|s|s|s|s|r_tu
l|s|s|s|s|s|r_u
l|s|s|s|s|s|r_u|d
l|s|s|s|s|s|r_u|d|d
l|s|s|s|s|s|r_u|d|d|d
l|s|s|s|s|s|r_u|d|d|d|d|d|d
l|s|s|s|s|s|s
l|s|s|s|s|s|s|d
l|s|s|s|s|s|s|d|d
l|s|s|s|s|s|s|d|d|d
l|s|s|s|s|s|s|d|d|d|d
l|s|s|s|s|s|s|d|d|d|d|d
l|s|s|s|s|s|s|d|d|d|d|d|d
l|s|s|s|s|s|s|d|d|d|d|d|d|d
l|s|s|s|s|s|s|d|d|d|d|d|d|d|d
l|s|s|s|s|s|s|d|d|d|d|d|d|d|d|d|d|d|d
l|s|s|s|s|s|s|d|d|d|d|d|d|s
l|s|s|s|s|s|s|d|d|d|d|d|s
l|s|s|s|s|s|s|d|d|d|d|s
l|s|s|s|s|s|s|d|d|d|d|s|s
l|s|s|s|s|s|s|d|d|d|s
l|s|s|s|s|s|s|d|d|s
l|s|s|s|s|s|s|d|d|s|d|d
l|s|s|s|s|s|s|d|d|s|d|d|d
l|s|s|s|s|s|s|d|d|s|d|d|d|d
l|s|s|s|s|s|s|d|d|s|r_u
l|s|s|s|s|s|s|d|d|s|s|s|d
l|s|s|s|s|s|s|d|s|s
l|s|s|s|s|s|s|i_+|i_+|s|s|s|s|s|d
l|s|s|s|s|s|s|i__|s|s
l|s|s|s|s|s|s|l|s|s|s|s|s|s|s|d|d
l|s|s|s|s|s|s|r_a
l|s|s|s|s|s|s|r_a|d
l|s|s|s|s|s|s|r_a|d|d|d
l|s|s|s|s|s|s|r_a|r_k
l|s|s|s|s|s|s|r_du
l|s|s|s|s|s|s|r_k
l|s|s|s|s|s|s|r_n|d|d|d
l|s|s|s|s|s|s|r_tu
l|s|s|s|s|s|s|r_u|d
l|s|s|s|s|s|s|r_u|d|d
l|s|s|s|s|s|s|r_u|d|d|d
l|s|s|s|s|s|s|r_u|d|d|d|d|d
l|s|s|s|s|s|s|r_u|d|d|d|d|d|d|d
l|s|s|s|s|s|s|s
l|s|s|s|s|s|s|s|d
l|s|s|s|s|s|s|s|d|d
l|s|s|s|s|s|s|s|d|d|d
l|s|s|s|s|s|s|s|d|d|d|d
l|s|s|s|s|s|s|s|d|d|d|d|d
l|s|s|s|s|s|s|s|d|d|d|d|d|d
l|s|s|s|s|s|s|s|d|d|d|d|d|d|d
l|s|s|s|s|s|s|s|d|d|d|d|d|d|d|d
l|s|s|s|s|s|s|s|d|d|d|d|d|d|d|s
l|s|s|s|s|s|s|s|d|d|d|d|s
l|s|s|s|s|s|s|s|d|d|d|d|s|s
l|s|s|s|s|s|s|s|d|d|d|s
l|s|s|s|s|s|s|s|d|d|s
l|s|s|s|s|s|s|s|d|d|s|d
l|s|s|s|s|s|s|s|d|d|s|d|d
l|s|s|s|s|s|s|s|d|d|s|s
l|s|s|s|s|s|s|s|d|d|s|s|s|d
l|s|s|s|s|s|s|s|d|s
l|s|s|s|s|s|s|s|i_+|i_+|s|s|s|s
l|s|s|s|s|s|s|s|i_+|i_+|s|s|s|s|s|d|d
l|s|s|s|s|s|s|s|l|s|s|s|s|s|s|d|d
l|s|s|s|s|s|s|s|r_a
l|s|s|s|s|s|s|s|r_a|d
l|s|s|s|s|s|s|s|r_d|d|d|d|r_u
l|s|s|s|s|s|s|s|r_du
l|s|s|s|s|s|s|s|r_i
l|s|s|s|s|s|s|s|r_tu
l|s|s|s|s|s|s|s|r_u|d|d
l|s|s|s|s|s|s|s|r_u|d|d|d
l|s|s|s|s|s|s|s|r_u|d|d|d|d|d|d
l|s|s|s|s|s|s|s|s
l|s|s|s|s|s|s|s|s|d
l|s|s|s|s|s|s|s|s|d|d
l|s|s|s|s|s|s|s|s|d|d|d
l|s|s|s|s|s|s|s|s|d|d|d|d
l|s|s|s|s|s|s|s|s|d|d|d|d|d
l|s|s|s|s|s|s|s|s|d|d|d|d|d|d
l|s|s|s|s|s|s|s|s|d|d|d|d|d|d|d
l|s|s|s|s|s|s|s|s|d|d|d|d|d|d|d|d
l|s|s|s|s|s|s|s|s|d|d|d|d|d|s
l|s|s|s|s|s|s|s|s|d|d|d|d|s
l|s|s|s|s|s|s|s|s|d|d|d|d|s|d
l|s|s|s|s|s|s|s|s|d|d|d|d|s|s
l|s|s|s|s|s|s|s|s|d|d|d|s
l|s|s|s|s|s|s|s|s|d|d|d|s|d
l|s|s|s|s|s|s|s|s|d|d|s
l|s|s|s|s|s|s|s|s|d|d|s|d
l|s|s|s|s|s|s|s|s|d|d|s|d|d
l|s|s|s|s|s|s|s|s|d|d|s|d|d|d|d
l|s|s|s|s|s|s|s|s|d|d|s|s
l|s|s|s|s|s|s|s|s|d|d|s|s|d
l|s|s|s|s|s|s|s|s|d|d|s|s|s|d
l|s|s|s|s|s|s|s|s|d|s
l|s|s|s|s|s|s|s|s|d|s|s
l|s|s|s|s|s|s|s|s|i_+|i_+|s|s|s|s|s|s|s|s|s|d
l|s|s|s|s|s|s|s|s|i_+|s|s|s|s|s|r_!
l|s|s|s|s|s|s|s|s|r_a
l|s|s|s|s|s|s|s|s|r_a|d
l|s|s|s|s|s|s|s|s|r_+|d|d|r_-|r_+|r_l|s|s
l|s|s|s|s|s|s|s|s|r_j|r_e
l|s|s|s|s|s|s|s|s|r_+|r_!|s|s
l|s|s|s|s|s|s|s|s|r_R|s|s|s|s|s|d
l|s|s|s|s|s|s|s|s|r_u|d|d
l|s|s|s|s|s|s|s|s|r_u|d|d|d
l|s|s|s|s|s|s|s|s|s
l|s|s|s|s|s|s|s|s|s|d
l|s|s|s|s|s|s|s|s|s|d|d
l|s|s|s|s|s|s|s|s|s|d|d|d
l|s|s|s|s|s|s|s|s|s|d|d|d|d
l|s|s|s|s|s|s|s|s|s|d|d|d|d|d
l|s|s|s|s|s|s|s|s|s|d|d|d|d|d|d
l|s|s|s|s|s|s|s|s|s|d|d|d|d|d|d|d
l|s|s|s|s|s|s|s|s|s|d|d|d|d|d|d|d|d|d|d
l|s|s|s|s|s|s|s|s|s|d|d|d|d|d|d|d|s
l|s|s|s|s|s|s|s|s|s|d|d|d|d|s
l|s|s|s|s|s|s|s|s|s|d|d|s
l|s|s|s|s|s|s|s|s|s|d|d|s|d|d|d
l|s|s|s|s|s|s|s|s|s|d|d|s|s
l|s|s|s|s|s|s|s|s|s|i__|s|s|s|d|d
l|s|s|s|s|s|s|s|s|s|r_a|d
l|s|s|s|s|s|s|s|s|s|r_tu
l|s|s|s|s|s|s|s|s|s|r_u|d|d
l|s|s|s|s|s|s|s|s|s|r_u|d|d|d|d
l|s|s|s|s|s|s|s|s|s|s
l|s|s|s|s|s|s|s|s|s|s|d
l|s|s|s|s|s|s|s|s|s|s|d|d
l|s|s|s|s|s|s|s|s|s|s|d|d|d
l|s|s|s|s|s|s|s|s|s|s|d|d|d|d
l|s|s|s|s|s|s|s|s|s|s|d|d|d|d|d
l|s|s|s|s|s|s|s|s|s|s|d|d|d|d|d|d
l|s|s|s|s|s|s|s|s|s|s|d|d|d|s
l|s|s|s|s|s|s|s|s|s|s|d|d|s
l|s|s|s|s|s|s|s|s|s|s|i_a|s|s|s|s|s|s|d|d
l|s|s|s|s|s|s|s|s|s|s|i_+!|s
l|s|s|s|s|s|s|s|s|s|s|r_a
l|s|s|s|s|s|s|s|s|s|s|r_a|d
l|s|s|s|s|s|s|s|s|s|s|r_a|d|d|d
l|s|s|s|s|s|s|s|s|s|s|r_u|d|d
l|s|s|s|s|s|s|s|s|s|s|s
l|s|s|s|s|s|s|s|s|s|s|s|d
l|s|s|s|s|s|s|s|s|s|s|s|d|d
l|s|s|s|s|s|s|s|s|s|s|s|d|d|d
l|s|s|s|s|s|s|s|s|s|s|s|d|d|d|d
l|s|s|s|s|s|s|s|s|s|s|s|d|d|d|d|d
l|s|s|s|s|s|s|s|s|s|s|s|d|d|s
l|s|s|s|s|s|s|s|s|s|s|s|d|s|s
l|s|s|s|s|s|s|s|s|s|s|s|r_a|d
l|s|s|s|s|s|s|s|s|s|s|s|s
l|s|s|s|s|s|s|s|s|s|s|s|s|d
l|s|s|s|s|s|s|s|s|s|s|s|s|d|d
l|s|s|s|s|s|s|s|s|s|s|s|s|d|d|d
l|s|s|s|s|s|s|s|s|s|s|s|s|d|d|d|d
l|s|s|s|s|s|s|s|s|s|s|s|s|d|d|d|d|d
l|s|s|s|s|s|s|s|s|s|s|s|s|d|d|d|d|d|d
l|s|s|s|s|s|s|s|s|s|s|s|s|d|d|d|d|s
l|s|s|s|s|s|s|s|s|s|s|s|s|i_+|i_+|s|s|s|s|s|s|s|s|s|d|d
l|s|s|s|s|s|s|s|s|s|s|s|s|i_+|r_+j|s|s|s|s|s|s|s|s|s
l|s|s|s|s|s|s|s|s|s|s|s|s|s
l|s|s|s|s|s|s|s|s|s|s|s|s|s|d
l|s|s|s|s|s|s|s|s|s|s|s|s|s|d|d
l|s|s|s|s|s|s|s|s|s|s|s|s|s|d|d|d
l|s|s|s|s|s|s|s|s|s|s|s|s|s|d|d|d|d
l|s|s|s|s|s|s|s|s|s|s|s|s|s|d|d|d|d|s
l|s|s|s|s|s|s|s|s|s|s|s|s|s|d|d|d|s
l|s|s|s|s|s|s|s|s|s|s|s|s|s|r_a|r_k
l|s|s|s|s|s|s|s|s|s|s|s|s|s|r_j|d|s|s|s|s|s|s|s|s|s|d|d|d
l|s|s|s|s|s|s|s|s|s|s|s|s|s|s
l|s|s|s|s|s|s|s|s|s|s|s|s|s|s|d
l|s|s|s|s|s|s|s|s|s|s|s|s|s|s|d|d
l|s|s|s|s|s|s|s|s|s|s|s|s|s|s|d|d|d
l|s|s|s|s|s|s|s|s|s|s|s|s|s|s|d|d|d|d
l|s|s|s|s|s|s|s|s|s|s|s|s|s|s|d|d|d|d|d
l|s|s|s|s|s|s|s|s|s|s|s|s|s|s|s
l|s|s|s|s|s|s|s|s|s|s|s|s|s|s|s|d|d
l|s|s|s|s|s|s|s|s|s|s|s|s|s|s|s|d|d|d
l|s|s|s|s|s|s|s|s|s|s|s|s|s|s|s|d|d|d|d
l|s|s|s|s|s|s|s|s|s|s|s|s|s|s|s|d|d|d|d|d|d
l|s|s|s|s|s|s|s|s|s|s|s|s|s|s|s|d|d|d|d|d|d|d
l|s|s|s|s|s|s|s|s|s|s|s|s|s|s|s|r_a
l|s|s|s|s|s|s|s|s|s|s|s|s|s|s|s|s
l|s|s|s|s|s|s|s|s|s|s|s|s|s|s|s|s|d
l|s|s|s|s|s|s|s|s|s|s|s|s|s|s|s|s|d|d
l|s|s|s|s|s|s|s|s|s|s|s|s|s|s|s|s|d|d|d|d
l|s|s|s|s|s|s|s|s|s|s|s|s|s|s|s|s|s
l|s|s|s|s|s|s|s|s|s|s|s|s|s|s|s|s|s|d|d
l|s|s|s|s|s|s|s|s|s|s|s|s|s|s|s|s|s|s
l|s|s|s|s|s|s|s|s|s|s|s|s|s|s|s|s|s|s|d|d
l|s|s|s|s|s|s|s|s|s|s|s|s|s|s|s|s|s|s|s
l|s|s|s|s|s|s|s|s|s|s|s|s|s|s|s|s|s|s|s|s|s
l|s|s|s|s|s|s|s|s|s|s|s|s|s|s|s|s|s|s|s|s|s|s
l|s|s|s|s|s|s|s|s|s|s|s|s|s|s|s|s|s|s|s|s|s|s|d
l|s|s|s|s|s|s|s|s|s|s|s|s|s|s|s|s|s|s|s|s|s|s|s|d|d
l|s|s|s|s|s|s|s|s|s|s|s|s|s|s|s|s|s|s|s|s|s|s|s|s|s|d|d|d
r_a|d
r_a|d|d|d|d|d|d|r_a|r_a|r_a|r_a|s|d|d|d|s|d
r_a|d|d|d|d|r_a|r_a|r_a|r_a|s|s
r_a|d|d|d|d|r_a|r_a|r_a|r_a|s|s|d|d
r_a|d|d|d|d|r_s|r_k|l|r_p|l|l
r_a|d|d|d|d|r_t|r_z|r_o
r_a|d|d|d|r_m|r_n|l|r_s|r_t|r_i|r_a
r_a|d|d|r_a|r_a|r_a|r_a|s|s
r_a|d|d|r_a|r_a|s|r_a|s|r_u|d|d
r_a|d|d|r_b|r_e|r_r|r_t|r_z|r_a|r_l|r_e
r_a|d|d|r_r|r_l|r_o
r_a|d|d|r_r|r_r|r_a|r_t|r_s|r_a|r_l|r_d|r_e
r_a|d|d|r_r|r_t|l|r_f|l|r_z|r_i|r_a|r_l
r_a|d|d|r_s|r_p|r_a|r_l|r_d|r_i
r_a|d|d|r_t|r_z|l
r_a|d|d|r_t|r_z|r_e|r_a|r_l|r_d|r_e
r_a|d|d|r_u|r_r|r_r|r_e
r_a|d|d|r_u|r_z|r_i
r_a|d|d|r_u|r_z|r_i|r_t|r_e|r_g|r_i
r_a|d|d|r_u|r_z|r_o
r_a|d|l|r_r|r_a|r_z|r_a
r_a|d|r_a|r_a|r_a|r_a|s|s|d
r_a|d|r_a|r_a|r_a|r_a|s|s|d|d
r_A|d|s|s|s|s
r_a|s|s|d|s|s|s
r_A|s|s|s|s
r_A|s|s|s|s|s
r_a|s|s|s|s|s|s
r_A|s|s|s|s|s|s|d|d
r_a|s|s|s|s|s|s|d|d|d
r_b|d|d|d|d|d|d|d|s|r_.
r_b|d|d|d|d|d|l|r_t|r_u
r_b|d|d|d|r_a|r_t|r_a|r_s|r_u|r_n
r_b|d|d|l|r_r|r_u
r_b|d|d|l|r_t|r_a|r_s|r_u|r_n
r_b|d|d|r_a|r_h|l
r_b|d|d|r_e|r_h|r_a|r_t|r_u
r_b|d|r_a|l|r_r|r_u|r_a|r_l|r_d|r_e
r_b|d|r_i|r_k|r_t|r_i|r_m|r_a
r_bo|r_n|r_b|r_a|r_+|s|i_+|s|s|s
r_b|s|s|s|d
r_b|s|s|s|d|d
r_b|s|s|s|s|d
r_b|s|s|s|s|s|r_a|r_o
r_B|s|s|s|s|s|s|s|s|d|d|d|d|d
r_C|d|s|s|s|s|s
r_C|s|s|s|s
r_C|s|s|s|s|s
r__|d
r__|d|d
r__|d|d|d
r__|d|d|d|d
r__|d|d|d|d|d
r__|d|d|d|d|d|d
r__|d|d|d|d|d|d|d
r__|d|d|d|d|d|d|d|d
r__|d|d|d|d|d|d|d|d|d
r__|d|d|d|d|d|d|d|d|d|d
r_*|d|d|d|d|d|d|d|d|d|s|r_d|r_u|s
r_*|d|d|d|d|d|d|d|d|s|r_d|r_u|s
r_*|d|d|d|d|d|d|d|d|s|r_d|s|r_n
r_*|d|d|d|d|d|d|d|s|r_d|r_i|s
r_*|d|d|d|d|d|d|d|s|r_d|r_u|s
r_*|d|d|d|d|d|d|s|r_d|d|r_i|s
r_*|d|d|d|d|d|d|s|r_d|d|r_u|s
r_*|d|d|d|d|d|d|s|r_d|r_i|r_n
r_*|d|d|d|d|d|d|s|r_d|r_u|s
r_*|d|d|d|d|d|r_e|r_d|r_u|r_n
r_*|d|d|d|d|d|r_e|r_d|r_u|s
r_*|d|d|d|d|d|s|r_d|d|d|r_u|r_n
r_*|d|d|d|d|d|s|r_d|d|r_u|r_n
r_*|d|d|d|d|d|s|r_d|d|r_u|s
r_*|d|d|d|d|d|s|r_d|r_i|r_n
r_*|d|d|d|d|d|s|r_d|r_u|r_n
r_*|d|d|d|d|d|s|r_d|r_u|s
r_*|d|d|d|d|d|s|r_d|s|r_n
r_*|d|d|d|d|d|s|r_z|s|s
r_*|d|d|d|d|r_e|r_d|r_u|r_n
r_*|d|d|d|d|r_e|r_d|r_u|s
r_*|d|d|d|d|r_e|r_d|s|d|s
r_*|d|d|d|d|r_e|r_d|s|r_n|d|d
r_*|d|d|d|d|r_e|s|r_u|s
r_*|d|d|d|d|r_e|s|s|r_n|d
r_*|d|d|d|d|r_e|s|s|r_n|d|d
r_*|d|d|d|d|s|r_d|d|d|d|r_u|s
r_*|d|d|d|d|s|r_d|d|r_u|r_n
r_*|d|d|d|d|s|r_d|d|r_u|s
r_*|d|d|d|d|s|r_d|r_i|r_n
r_*|d|d|d|d|s|r_d|r_u|r_n
r_*|d|d|d|d|s|r_d|r_u|s
r_*|d|d|d|d|s|r_d|s|r_n|d|d|d
r_*|d|d|d|r_e|r_d|r_u|r_n
r_*|d|d|d|r_e|r_d|r_u|s
r_*|d|d|d|r_e|r_d|s|d|d|s
r_*|d|d|d|r_e|r_d|s|d|d|s|d|d
r_*|d|d|d|r_e|r_d|s|d|s
r_*|d|d|d|r_e|r_d|s|r_n
r_*|d|d|d|r_e|r_d|s|r_n|d
r_*|d|d|d|r_e|r_d|s|r_n|d|d
r_*|d|d|d|r_e|r_d|s|s
r_*|d|d|d|r_e|r_d|s|s|d|d
r_d|d|d|r_e|r_n|r_b|r_o|r_r|r_a|r_l|r_d|r_i
r_*|d|d|d|r_e|s|r_u|d|d|s
r_*|d|d|d|r_e|s|r_u|d|r_n
r_*|d|d|d|r_e|s|r_u|s
r_*|d|d|d|r_e|s|s|r_n|d|d|d
r_*|d|d|d|s|r_d|d|d|d|d|d|d|d|r_i|s
r_*|d|d|d|s|r_d|d|d|d|d|d|d|r_i|s
r_*|d|d|d|s|r_d|d|d|d|d|d|d|s|r_n
r_*|d|d|d|s|r_d|d|d|d|d|d|r_i|r_n
r_*|d|d|d|s|r_d|d|d|d|d|d|r_i|s
r_*|d|d|d|s|r_d|d|d|d|d|d|s|r_n
r_*|d|d|d|s|r_d|d|d|d|d|r_i|r_n
r_*|d|d|d|s|r_d|d|d|d|d|r_i|s
r_*|d|d|d|s|r_d|d|d|d|r_u|r_n
r_*|d|d|d|s|r_d|d|d|r_i|r_n
r_*|d|d|d|s|r_d|d|d|r_i|s
r_*|d|d|d|s|r_d|d|d|r_i|s|d|d
r_*|d|d|d|s|r_d|d|d|r_u|r_n
r_*|d|d|d|s|r_d|d|d|r_u|s
r_*|d|d|d|s|r_d|d|r_i|r_n
r_*|d|d|d|s|r_d|d|r_i|s
r_*|d|d|d|s|r_d|d|r_i|s|d
r_*|d|d|d|s|r_d|d|r_i|s|d|d
r_*|d|d|d|s|r_d|d|r_i|s|d|d|d
r_*|d|d|d|s|r_d|d|r_u|r_n
r_*|d|d|d|s|r_d|d|r_u|s
r_*|d|d|d|s|r_d|r_i|r_n
r_*|d|d|d|s|r_d|r_i|s
r_*|d|d|d|s|r_d|r_u|r_n
r_*|d|d|d|s|r_d|r_u|s
r_*|d|d|d|s|s|s|d|d|d|d|d|s
r_*|d|d|d|s|s|s|r_n|d
r_*|d|d|d|s|s|s|r_n|d|d|d
r_*|d|d|r_e|r_d|r_i|r_n
r_*|d|d|r_e|r_d|r_u|r_n
r_*|d|d|r_e|r_d|r_u|s
r_*|d|d|r_e|r_d|r_u|s|d
r_*|d|d|r_e|r_d|r_u|s|d|d
r_*|d|d|r_e|r_d|s|d|d|d|s
r_*|d|d|r_e|r_d|s|d|d|s
r_*|d|d|r_e|r_d|s|d|s
r_*|d|d|r_e|r_d|s|r_n
r_*|d|d|r_e|r_d|s|r_n|d
r_*|d|d|r_e|r_d|s|r_n|d|d|d
r_*|d|d|r_e|r_d|s|r_n|d|d|d|d
r_*|d|d|r_e|r_d|s|s
r_*|d|d|r_e|r_d|s|s|d|d
r_*|d|d|r_e|s|r_i|d|d|d|s|d
r_*|d|d|r_e|s|r_i|s
r_*|d|d|r_e|s|r_i|s|d
r_*|d|d|r_e|s|r_u|d|d|d|r_n
r_*|d|d|r_e|s|r_u|d|d|d|s
r_*|d|d|r_e|s|r_u|d|r_n
r_*|d|d|r_e|s|r_u|s
r_*|d|d|r_e|s|r_u|s|d|d
r_*|d|d|r_e|s|s|d|d|d|d|s
r_*|d|d|r_e|s|s|d|d|d|s
r_*|d|d|r_e|s|s|r_n
r_*|d|d|r_e|s|s|r_n|d
r_*|d|d|r_e|s|s|r_n|d|d
r_*|d|d|r_e|s|s|r_n|d|d|d
r_*|d|d|r_e|s|s|s
r_*|d|d|s|r_d|d|d|d|d|d|d|d|r_i|s
r_*|d|d|s|r_d|d|d|d|d|d|d|r_i|s
r_*|d|d|s|r_d|d|d|d|d|d|r_i|r_n
r_*|d|d|s|r_d|d|d|d|d|d|r_i|s
r_*|d|d|s|r_d|d|d|d|d|r_i|r_n
r_*|d|d|s|r_d|d|d|d|d|r_u|r_n
r_*|d|d|s|r_d|d|d|d|r_u|r_n
r_*|d|d|s|r_d|d|d|d|r_u|s
r_*|d|d|s|r_d|d|d|r_i|s
r_*|d|d|s|r_d|d|d|r_i|s|d|d
r_*|d|d|s|r_d|d|d|r_i|s|d|d|d|d|d
r_*|d|d|s|r_d|d|d|r_u|r_n
r_*|d|d|s|r_d|d|d|r_u|s
r_*|d|d|s|r_d|d|d|r_u|s|d|d|d|d
r_*|d|d|s|r_d|d|r_i|s
r_*|d|d|s|r_d|d|r_i|s|d
r_*|d|d|s|r_d|d|r_u|r_n
r_*|d|d|s|r_d|d|r_u|s
r_*|d|d|s|r_d|r_i|r_n
r_*|d|d|s|r_d|r_i|s
r_*|d|d|s|r_d|r_u|r_n
r_*|d|d|s|r_d|r_u|s
r_*|d|d|s|r_d|r_u|s|d
r_*|d|d|s|r_d|r_u|s|d|d
r_*|d|d|s|r_d|r_u|s|d|d|d|d|d|d
r_*|d|d|s|r_d|s|r_n
r_*|d|d|s|s|s|d|d|d|s
r_*|d|d|s|s|s|r_n|d
r_*|d|d|s|s|s|r_n|d|d|d
r_*|d|d|s|s|s|s
r_*|d|r_e|r_d|r_i|r_n
r_*|d|r_e|r_d|r_u|r_n
r_*|d|r_e|r_d|r_u|s
r_*|d|r_e|r_d|r_u|s|d
r_*|d|r_e|r_d|s|d|d|d|s
r_*|d|r_e|r_d|s|d|d|d|s|d|d
r_*|d|r_e|r_d|s|d|d|d|s|d|d|d|d|d
r_*|d|r_e|r_d|s|d|d|s
r_*|d|r_e|r_d|s|d|s
r_*|d|r_e|r_d|s|d|s|d
r_*|d|r_e|r_d|s|d|s|d|d|d|d|d|d
r_*|d|r_e|r_d|s|r_n
r_*|d|r_e|r_d|s|r_n|d
r_*|d|r_e|r_d|s|r_n|d|d
r_*|d|r_e|r_d|s|r_n|d|d|d
r_*|d|r_e|r_d|s|r_n|d|d|d|d
r_*|d|r_e|r_d|s|s
r_*|d|r_e|s|r_u|d|d|d|d|s
r_*|d|r_e|s|r_u|d|d|d|r_n
r_*|d|r_e|s|r_u|d|r_n
r_*|d|r_e|s|s|d|d|d|d|s
r_*|d|r_e|s|s|d|d|d|d|s|d|d
r_*|d|r_e|s|s|d|d|d|s
r_*|d|r_e|s|s|d|d|d|s|d|d
r_*|d|r_e|s|s|d|d|s
r_*|d|r_e|s|s|d|s
r_*|d|r_e|s|s|r_n|d
r_*|d|r_e|s|s|r_n|d|d
r_*|d|r_e|s|s|r_n|d|d|d
r_*|d|r_e|s|s|r_n|d|d|d|d
r_*|d|r_e|s|s|r_n|d|d|d|d|d
r_*|d|r_e|s|s|r_n|d|d|d|d|d|d
r_*|d|r_e|s|s|r_n|d|d|d|d|d|d|d
r_*|d|r_e|s|s|s
r_*|d|s|r_d|d|d|d|d|d|r_u|s
r_*|d|s|r_d|d|d|d|d|r_u|r_n
r_*|d|s|r_d|d|d|d|r_u|r_n
r_*|d|s|r_d|d|d|d|r_u|s
r_*|d|s|r_d|d|d|r_u|r_n
r_*|d|s|r_d|d|d|r_u|s
r_*|d|s|r_d|d|d|r_u|s|d|d|d|d
r_*|d|s|r_d|d|d|r_u|s|d|d|d|d|d
r_*|d|s|r_d|d|r_u|r_n
r_*|d|s|r_d|d|r_u|s
r_*|d|s|r_d|r_u|r_n
r_*|d|s|r_d|r_u|s
r_*|d|s|r_d|r_u|s|d|d
r_*|d|s|r_d|s|r_n
r_*|d|s|r_d|s|s
r_*|d|s|r_d|s|s|d
r_D|s|s
r_D|s|s|d
r_*|d|s|s|d|d|d|d|d|d|s|s
r_D|s|s|s|d|d|d
r_*|d|s|s|s|d|d|d|d|d|d|d|s
r_*|d|s|s|s|d|d|d|d|d|s
r_*|d|s|s|s|d|d|d|d|d|s|d
r_*|d|s|s|s|d|d|d|d|s
r_*|d|s|s|s|d|d|s
r_*|d|s|s|s|d|d|s|d|d
r_*|d|s|s|s|r_n|d|d|d
r_*|d|s|s|s|r_n|d|d|d|d|d
r_*|d|s|s|s|r_n|d|d|d|d|d|d
r_*|d|s|s|s|r_n|d|d|d|d|d|d|d
r_*|d|s|s|s|r_n|d|d|d|d|d|d|d|d
r_du|r_p|r_a
r_e|d
r_e|d|d|d|d|d|r_g|r_o|r_n
r_e|d|d|d|d|d|r_s|s|s
r_e|d|d|d|d|r_g|r_o|r_n
r_e|d|d|d|d|r_g|r_o|s
r_e|d|d|d|d|r_g|r_o|s|d
r_e|d|d|d|d|r_s|r_a|r_n
r_e|d|d|d|d|r_s|s|r_n
r_e|d|d|d|d|r_s|s|r_n|d
r_e|d|d|d|d|s|r_u|d|d|s|r_i
r_e|d|d|d|d|s|s|r_n
r_e|d|d|d|d|s|s|s|r_ri
r_e|d|d|d|d|s|s|s|s|r_n|d|d
r_e|d|d|d|d|s|s|s|s|s|r_i
r_e|d|d|d|r_d|s|s|r_i
r_e|d|d|d|r_g|r_o|r_n
r_e|d|d|d|r_k|r_a|r_i|l
r_e|d|d|d|r_p|r_o
r_e|d|d|d|r_s|r_a|r_n
r_e|d|d|d|r_s|r_k|r_a|r_i|r_n|r_i
r_e|d|d|d|r_s|r_t|l|r_t|r_u|r_a
r_e|d|d|d|s|r_a|d|r_n
r_e|d|d|d|s|r_a|r_n
r_e|d|d|d|s|s|d|d|d|d|d|s
r_e|d|d|d|s|s|d|s
r_e|d|d|d|s|s|r_n
r_e|d|d|d|s|s|r_n|d|d
r_e|d|d|d|s|s|r_n|d|d|d
r_e|d|d|d|s|s|r_n|d|d|d|d
r_e|d|d|d|s|s|s|r_r|d|r_i
r_e|d|d|d|s|s|s|r_r|d|s|d|d
r_e|d|d|d|s|s|s|r_ri
r_e|d|d|d|s|s|s|r_r|s|d
r_e|d|d|d|s|s|s|s|r_i|d|d
r_e|d|d|d|s|s|s|s|r_i|d|d|d|d
r_e|d|d|d|s|s|s|s|r_n
r_e|d|d|d|s|s|s|s|s|r_i
r_e|d|d|r_d|s|s|r_i|d
r_e|d|d|r_g|r_o|r_n
r_e|d|d|r_g|r_o|s
r_e|d|d|r_g|r_u|r_e|r_r|r_d|r_i
r_e|d|d|r_g|r_u|r_n
r_e|d|d|r_k|r_i|r_a|r_l|r_d|r_e
r_e|d|d|r_k|s|r_r|r_r|r_i
r_e|d|d|r_m|r_a|l
r_e|d|d|r_r|r_k|r_i|r_d|r_e|r_g|l
r_e|d|d|r_r|r_r|r_e|r_p|r_i|r_d|r_e
r_e|d|d|r_s|r_a|r_n
r_e|d|d|r_s|r_a|s
r_e|d|d|r_s|r_a|s|d
r_e|d|d|r_s|r_a|s|d|d
r_e|d|d|r_s|s|r_n|d
r_e|d|d|r_s|s|r_n|d|d|d
r_e|d|d|r_s|s|s
r_e|d|d|r_s|s|s|d
r_e|d|d|r_t|r_x|r_e
r_e|d|d|r_u|r_r|r_o
r_e|d|d|s|r_a|d|d|r_n
r_e|d|d|s|r_a|d|s
r_e|d|d|s|r_a|d|s|d|d
r_e|d|d|s|r_a|r_n
r_e|d|d|s|r_o|r_r|r_r|r_i
r_e|d|l|r_r|r_u|r_b|r_l|r_o
r_e|d|r_g|r_o|r_n
r_e|d|r_k|s|r_r|r_r|r_i
r_e|d|r_m|r_i|r_s|r_o|r_r|r_e
r_e|d|r_p|r_o
r_e|d|r_s|r_a|r_n
r_e|d|r_s|r_a|s
r_e|d|r_t|r_o|r_r|r_r|r_i
r_e|d|s|d|d|d|d|s|s
r_e|d|s|d|d|d|d|s|s|d|d
r_e|d|s|d|d|d|s|s
r_e|d|s|d|d|d|s|s|d
r_e|d|s|d|d|d|s|s|d|d
r_e|d|s|d|d|d|s|s|d|d|d
r_e|d|s|d|s|d|s|r_i|d
r_e|d|s|d|s|d|s|r_i|d|d
r_e|d|s|d|s|s|r_i
r_e|d|s|d|s|s|r_i|d|d
r_e|d|s|r_o|d|d|r_n
r_e|d|s|r_o|d|s|d|d
r_e|d|s|s|d|d|d|d|d|d|s
r_e|d|s|s|d|d|d|d|d|s
r_e|d|s|s|d|d|d|d|s
r_e|d|s|s|d|d|d|d|s|d|d
r_e|d|s|s|d|d|d|s
r_e|d|s|s|d|d|d|s|d|d
r_e|d|s|s|d|s
r_e|d|s|s|d|s|d
r_e|d|s|s|d|s|d|d
r_e|d|s|s|d|s|d|d|d
r_e|d|s|s|d|s|d|d|d|d
r_e|d|s|s|i_r|r_i
r_e|d|s|s|r_n
r_e|d|s|s|r_n|d
r_e|d|s|s|r_n|d|d
r_e|d|s|s|r_n|d|d|d
r_e|d|s|s|r_n|d|d|d|d
r_e|d|s|s|r_n|d|d|d|d|d
r_e|d|s|s|r_n|d|d|d|d|d|d
r_e|d|s|s|r_n|d|d|d|d|d|d|d|d
r_e|d|s|s|r_r|d|d|d|r_r|r_i
r_e|d|s|s|r_r|d|d|r_r|r_i
r_e|d|s|s|r_r|d|r_r|r_i
r_e|d|s|s|r_rri
r_e|d|s|s|r_r|r_r|r_i
r_e|d|s|s|r_r|r_r|s|d
r_e|d|s|s|r_r|r_r|s|d|d
r_e|d|s|s|r_r|r_r|s|d|d|d|d
r_e|d|s|s|s|d|d|d|d|d|d|d|d|s|s
r_e|d|s|s|s|d|d|d|d|d|s|s
r_e|d|s|s|s|d|d|d|d|s|s
r_e|d|s|s|s|d|d|d|s|s
r_e|d|s|s|s|d|d|d|s|s|d
r_e|d|s|s|s|d|d|d|s|s|d|d
r_e|d|s|s|s|d|d|s
r_e|d|s|s|s|r_n
r_e|d|s|s|s|r_n|d
r_e|d|s|s|s|r_n|d|d|d
r_e|d|s|s|s|r_r|d|d|d|d|d|r_i
r_e|d|s|s|s|r_r|d|d|d|d|r_i
r_e|d|s|s|s|r_r|d|d|d|r_i
r_e|d|s|s|s|r_r|d|d|r_i
r_e|d|s|s|s|r_r|d|r_i
r_e|d|s|s|s|r_r|d|s|d
r_e|d|s|s|s|r_r|d|s|d|d
r_e|d|s|s|s|r_r|d|s|d|d|d|d
r_e|d|s|s|s|r_ri
r_e|d|s|s|s|r_r|r_i
r_e|d|s|s|s|r_r|s|d
r_e|d|s|s|s|r_r|s|d|d
r_e|d|s|s|s|r_r|s|d|d|d
r_e|d|s|s|s|r_r|s|d|d|d|d
r_e|d|s|s|s|r_r|s|d|d|d|d|d|d
r_e|d|s|s|s|s
r_e|d|s|s|s|s|d|d|d|d|d|d|s|r_i
r_e|d|s|s|s|s|d|d|d|d|d|s
r_e|d|s|s|s|s|d|d|d|d|d|s|d|d
r_e|d|s|s|s|s|d|d|d|d|s|r_i
r_e|d|s|s|s|s|d|d|d|s|r_i
r_e|d|s|s|s|s|d|d|s
r_e|d|s|s|s|s|d|d|s|d
r_e|d|s|s|s|s|d|d|s|d|d
r_e|d|s|s|s|s|d|d|s|r_i
r_e|d|s|s|s|s|r_i|d
r_e|d|s|s|s|s|r_i|d|d
r_e|d|s|s|s|s|r_i|d|d|d
r_e|d|s|s|s|s|r_i|d|d|d|d
r_e|d|s|s|s|s|r_i|d|d|d|d|d
r_e|d|s|s|s|s|r_n
r_e|d|s|s|s|s|r_n|d
r_e|d|s|s|s|s|r_n|d|d
r_e|d|s|s|s|s|r_n|d|d|d
r_e|d|s|s|s|s|r_n|d|d|d|d
r_e|d|s|s|s|s|r_n|d|d|d|d|d
r_e|d|s|s|s|s|r_n|d|d|d|d|d|d
r_e|d|s|s|s|s|s
r_e|d|s|s|s|s|s|d
r_e|d|s|s|s|s|s|d|d|s|d|d
r_e|d|s|s|s|s|s|d|s|d
r_e|d|s|s|s|s|s|r_i
r_e|d|s|s|s|s|s|r_i|d
r_e|d|s|s|s|s|s|r_i|d|d
r_e|d|s|s|s|s|s|r_i|d|d|d
r_e|d|s|s|s|s|s|r_i|d|d|d|d
r_e|d|s|s|s|s|s|r_i|d|d|d|d|d
r_*e|r_d|r_u|r_n
r_*e|r_d|r_u|s
r_e|r_d|s|d|d|d|d|s|r_i
r_e|r_d|s|d|s|d|d|d|d|s|d
r_e|r_d|s|d|s|r_i
r_e|r_d|s|d|s|r_i|d
r_e|r_d|s|d|s|r_i|d|d
r_e|r_d|s|d|s|r_i|d|d|d
r_e|r_d|s|d|s|r_i|d|d|d|d|d|d
r_*e|r_d|s|r_n
r_*e|r_d|s|s
r_e|r_d|s|s|d|d|d|d|s
r_e|r_d|s|s|d|d|d|d|s|d
r_e|r_d|s|s|d|d|s|d
r_e|r_d|s|s|r_i
r_e|r_d|s|s|r_i|d
r_e|r_d|s|s|r_i|d|d
r_e|r_d|s|s|r_i|d|d|d
r_e|r_d|s|s|r_i|d|d|d|d
r_e|r_d|s|s|r_i|d|d|d|d|d
r_e|r_d|s|s|r_i|d|d|d|d|d|d|d|d
r_e|r_s|r_a|r_n
r_e|r_s|r_a|s
r_es|r_a|r_n
r_e|s|s|s|s|s|s|r_u|d|d
r_E|s|s|s|s|s|s|s|d|d
r_e|s|s|s|s|s|s|s|d|d|d|d
r_e|s|s|s|s|s|s|s|s|d|d|d
r_Es|s|s|s|s|s|s|s|s|d|d|s
r_f|d|d|r_a|r_l|r_t|r_s|r_u
r_f|d|r_u|r_t|r_b|r_o|r_l
r_f|s|s|s|s|s
r_F|s|s|s|s|s
r_f|s|s|s|s|s|s|r_u|d|d
r_ga|r_i|r_l|r_a
r_g|d
r_g|d|d|d|d|d|d|r_a|r_i|r_l|r_u|r_r
r_g|d|d|d|d|d|r_o|r_n|r_b|r_i|r_d|l|r_t|r_u
r_g|d|d|d|r_o|r_i|r_z
r_g|d|d|r_e|r_r|r_t|r_u
r_g|d|d|r_o|r_r|r_e|r_n
r_g|d|r_i|r_b
r_g|d|r_o|r_b|r_e|r_r|r_n|r_u
r_g|d|r_o|r_r|r_p|r_u|r_t|r_z
r_gib|r_+|r_!|s|s|s|d|d
r_G|s|s|s|s|d|d|s|s|d
r_g|s|s|s|s|s|s|s|d
r_hamabosgar|r_r|r_e|r_n|s|s|s|s|s|s|s
r_h|d|d|d|d|r_a|r_s|r_t|r_a|r_p|r_e|r_n
r_h|d|d|d|d|r_a|r_u
r_h|d|d|d|d|r_i|r_l
r_h|d|d|d|d|r_i|s|r_s
r_h|d|d|d|d|s|r_u
r_h|d|d|d|d|s|r_u|d|d|d
r_h|d|d|d|r_i|r_e|r_s
r_h|d|d|d|r_u|r_r|r_b|r_i|r_l
r_h|d|d|r_a|r_u
r_h|d|d|r_e|r_r|r_r|r_i
r_h|d|d|r_i|r_e|r_s
r_h|d|r_a|r_u
r_h|d|r_i|r_e|r_s
r_h|d|r_i|r_z|r_k|r_u|r_n|r_t|r_z|r_a
r_ho|s|s|s|s|s|d
r_H|s|s|s|s
r_H|s|s|s|s|s|s|d|d
r_i|d|d|d|d|d|d|d|s|s|r_n
r_i|d|d|d|d|d|d|r_z|s|r_n|d
r_i|d|d|d|d|d|d|r_z|s|s
r_i|d|d|d|d|d|r_l|r_u|r_n|r_p|r_e
r_i|d|d|d|d|d|s|s|r_n
r_i|d|d|d|d|r_r|r_a|r_i|r_l
r_i|d|d|d|d|r_z|r_a|s
r_i|d|d|d|d|r_z|s|r_n
r_i|d|d|d|d|r_z|s|s
r_i|d|d|d|d|s|s|s|r_i|d
r_i|d|d|d|r_i|r_i
r_i|d|d|d|r_s
r_i|d|d|d|r_z|l|r_r
r_i|d|d|d|r_z|r_a|r_n
r_i|d|d|d|r_z|r_a|s
r_i|d|d|d|r_z|s|r_n|d
r_i|d|d|d|r_z|s|r_n|d|d
r_i|d|d|d|r_z|s|s
r_i|d|d|d|s|s|s|r_i
r_i|d|d|d|s|s|s|r_i|d|d
r_i|d|d|d|s|s|s|r_i|d|d|d
r_i|d|d|r_g|r_a|r_n|r_d|r_e
r_i|d|d|r_t|r_z|r_u|r_l|r_i
r_i|d|d|r_z|r_a|r_n
r_i|d|d|r_z|s|s
r_i|d|d|s|r_a|d|d|r_n
r_i|d|d|s|s|d|d|s
r_i|d|d|s|s|d|d|s|r_i
r_i|d|d|s|s|r_n|d
r_i|d|d|s|s|s|r_i|d
r_i|d|d|s|s|s|r_i|d|d|d
r_i|d|r_n|r_f|r_o|r_r|r_m|r_a|r_t|r_i|r_k|r_a
r_i|d|r_n|r_f|r_o|r_r|r_m|r_a|r_z|r_i|r_o
r_i|d|r_s|r_t|r_r|r_i|r_p|r_u
r_i|d|r_z|r_a|r_n
r_i|d|r_z|r_a|s
r_i|d|r_z|r_a|s|d
r_i|d|r_z|r_a|s|d|d
r_i|d|r_z|s|d|d|d|d|d|s
r_i|d|r_z|s|d|d|d|d|s
r_i|d|r_z|s|d|d|d|s
r_i|d|r_z|s|d|d|s
r_i|d|r_z|s|r_n
r_i|d|r_z|s|r_n|d
r_i|d|r_z|s|r_n|d|d
r_i|d|r_z|s|r_n|d|d|d
r_i|d|r_z|s|r_n|d|d|d|d
r_i|d|r_z|s|r_n|d|d|d|d|d
r_i|d|r_z|s|r_n|d|d|d|d|d|d|d
r_i|d|s|r_a|d|r_n
r_i|d|s|r_a|s
r_i|d|s|r_a|s|d
r_i|d|s|r_a|s|d|d|d
r_i|d|s|s|d|d|d|d|s|r_i
r_i|d|s|s|d|d|s|r_i
r_i|d|s|s|d|s
r_i|d|s|s|r_n|d
r_i|d|s|s|r_n|d|d
r_i|d|s|s|r_t|d|r_z|r_i
r_i|d|s|s|s|d|d|s|d|d
r_i|d|s|s|s|d|d|s|r_i
r_i|d|s|s|s|d|s
r_i|d|s|s|s|d|s|d
r_i|d|s|s|s|d|s|d|d
r_i|d|s|s|s|d|s|d|d|d
r_i|d|s|s|s|d|s|d|d|d|d|d|d
r_i|d|s|s|s|d|s|d|d|d|d|d|d|d
r_i|d|s|s|s|r_i
r_i|d|s|s|s|r_i|d
r_i|d|s|s|s|r_i|d|d
r_i|d|s|s|s|r_i|d|d|d
r_i|d|s|s|s|r_i|d|d|d|d
r_i|d|s|s|s|r_i|d|d|d|d|d
r_i|d|s|s|s|r_i|d|d|d|d|d|d
r_i|d|s|s|s|s|r_i
r_i|d|s|s|s|s|r_i|d
r_i|d|s|s|s|s|r_i|d|d
r_i|d|s|s|s|s|r_i|d|d|d
r_i|d|s|s|s|s|r_i|d|d|d|d
r_i|d|s|s|s|s|r_i|d|d|d|d|d
r_i|r_z|r_a|r_n
r_i|s|s|s|s|d
r_i|s|s|s|s|s
r_i|s|s|s|s|s|s|s
r_i|s|s|s|s|s|s|s|d
r_I|s|s|s|s|s|s|s|d
r_i|s|s|s|s|s|s|s|d|d|d|d|d
r_iza|r_n
r_iz|r_a|l
r_iz|r_a|s
r_iz|s|r_n
r_iz|s|s|d|d
r_j|d|d|d|d|s|s|s
r_j|d|d|d|d|s|s|s|s|r_n
r_j|d|d|d|d|s|s|s|s|r_n|d
r_j|d|d|d|s|s|d|d|d|s
r_j|d|d|d|s|s|r_n
r_j|d|d|d|s|s|r_n|d
r_j|d|d|d|s|s|s
r_j|d|d|d|s|s|s|r_n
r_j|d|d|d|s|s|s|r_n|d
r_j|d|d|d|s|s|s|s
r_j|d|d|r_a|s|s|d|s
r_j|d|d|s|d|d|d|s|s
r_j|d|d|s|s|d|d|d|s
r_j|d|d|s|s|d|d|s
r_j|d|d|s|s|d|d|s|d|d
r_j|d|d|s|s|r_n
r_j|d|d|s|s|r_n|d
r_j|d|d|s|s|r_n|d|d|d
r_j|d|d|s|s|s
r_j|d|d|s|s|s|d
r_j|d|d|s|s|s|d|d|s
r_j|d|d|s|s|s|r_n
r_j|d|d|s|s|s|r_n|d
r_j|d|d|s|s|s|r_n|d|d
r_j|d|d|s|s|s|r_n|d|d|d|d|d
r_j|d|d|s|s|s|s
r_j|d|d|s|s|s|s|d|d|d|d|s
r_j|d|d|s|s|s|s|d|d|s
r_j|d|d|s|s|s|s|d|d|s|d|d
r_j|d|d|s|s|s|s|d|s
r_j|d|d|s|s|s|s|d|s|d
r_j|d|d|s|s|s|s|r_n
r_j|d|d|s|s|s|s|r_n|d
r_j|d|d|s|s|s|s|r_n|d|d
r_j|d|d|s|s|s|s|r_n|d|d|d
r_j|d|d|s|s|s|s|r_n|d|d|d|d|d
r_j|d|r_e|r_n|r_d|r_e
r_j|d|r_o|r_l|r_a|r_s|r_t|r_u
r_j|d|s|d|s|s|d|d|d|d|s|s
r_j|d|s|d|s|s|r_r|d|d|r_i
r_j|d|s|d|s|s|s|s|d|d
r_j|d|s|s|s|s|r_n|d|d|d
r_j|d|s|s|s|s|s|s|d|d|s|d
r_j|d|s|s|s|s|s|s|s
r_j|d|s|s|s|s|s|s|s|s|s
r_j|d|s|s|s|s|s|s|s|s|s|d|d|d|d
r_j|r_a|s|s|d|d|s
r_j|r_a|s|s|d|s
r_j|r_a|s|s|d|s|d
r_j|r_a|s|s|d|s|d|d
r_j|r_a|s|s|d|s|d|d|d
r_j|r_a|s|s|r_n|d
r_j|r_a|s|s|r_n|d|d
r_j|s|d|d|d|d|d|s|s
r_j|s|d|d|d|d|s|s|d|s
r_j|s|d|d|d|s|s
r_j|s|d|d|s|r_n
r_j|s|d|d|s|s|d|d|d|s
r_j|s|d|d|s|s|d|d|s
r_j|s|d|d|s|s|d|s
r_j|s|d|d|s|s|r_n
r_j|s|d|d|s|s|r_n|d|d
r_j|s|d|d|s|s|r_n|d|d|d|d
r_j|s|s|d|d|d|d|d|d|d|s
r_j|s|s|d|d|d|d|d|d|s|r_n
r_j|s|s|d|d|d|d|s
r_j|s|s|d|d|d|s
r_j|s|s|d|d|d|s|d|d
r_j|s|s|d|d|d|s|r_o
r_j|s|s|d|d|d|s|s
r_j|s|s|d|d|s
r_j|s|s|d|d|s|d|d
r_j|s|s|r_n
r_j|s|s|r_n|d
r_j|s|s|r_n|d|d
r_j|s|s|r_n|d|d|d
r_j|s|s|r_n|d|d|d|d
r_j|s|s|r_n|d|d|d|d|d
r_j|s|s|r_n|d|d|d|d|d|d
r_j|s|s|s
r_j|s|s|s|d
r_J|s|s|s|d
r_j|s|s|s|d|d
r_j|s|s|s|d|d|d|d
r_J|s|s|s|d|d|d|d|d|d|d
r_j|s|s|s|d|d|d|d|d|s
r_j|s|s|s|d|d|s
r_j|s|s|s|d|d|s|d
r_j|s|s|s|d|d|s|d|d
r_j|s|s|s|d|s
r_j|s|s|s|d|s|d
r_j|s|s|s|d|s|d|d
r_j|s|s|s|r_n
r_j|s|s|s|r_n|d
r_j|s|s|s|r_n|d|d
r_j|s|s|s|r_n|d|d|d
r_j|s|s|s|r_n|d|d|d|d|d
r_j|s|s|s|r_o
r_j|s|s|s|r_o|d
r_j|s|s|s|r_o|d|d
r_j|s|s|s|s
r_J|s|s|s|s
r_j|s|s|s|s|d
r_j|s|s|s|s|d|d
r_j|s|s|s|s|s|r_k|d|r_i
r_j|s|s|s|s|s|s
r_J|s|s|s|s|s|s|d
r_k|d|d|r_a|r_z|r_e|r_t|r_a|r_r|r_i
r_k|d|r_o|r_l|r_e|r_k|r_t|r_o|r_r|r_e
r_k|s|r_n|s|s|s|d
r_K|s|s|d|s|r_a
r_k|s|s|r_p|s|s|s|r_tu
r_k|s|s|s|s|s|r_+|d|r_a|s|s|r_z|d|d
r_k|s|s|s|s|s|s|s
r_k|s|s|s|s|s|s|s|d
r_la|r_n|r_g|r_a|r_b|r_e|r_z|r_i|r_a
r_l|d|d|d|d|d|d|s
r_l|d|d|d|d|r_e|r_g|r_e|r_b|r_i|r_l|r_t|r_z|l|r_r
r_l|d|d|d|d|r_e|r_h|r_e|r_n|r_d|r_a|r_k|r_a|r_r|r_i|r_t|r_z|r_a
r_l|d|d|d|d|s|s
r_l|d|d|d|r_i|r_g|r_a
r_l|d|d|d|s|s
r_l|d|d|r_a|r_k|r_o
r_l|d|d|r_i|r_b|r_e|r_r|l|r_l
r_l|d|d|r_u|r_r
r_m|d|d|d|d|r_a|r_i|r_a|r_t|r_z
r_m|d|d|r_e|r_r|r_k|l|r_t|r_a|r_r|r_i
r_m|d|d|r_u|r_n|r_d|r_u
r_m|d|r_a
r_m|d|r_e|r_l|r_e
r_me|r_r|r_e|r_z|r_i|r__|r_i|r_z|r_a|r_n
r_m|s|s|s|s|s|d|d
r_n|d|d|r_a|r_z|r_i|r_o|r_a|r_r|r_t|r_e
r_n|d|d|r_i
r_n|d|d|r_o|r_r|r_a|r_b|r_i|r_d|r_e
r_n|d|d|r_o|r_r|r_b|r_a|r_i|r_t
r_n|d|d|s
r_n|d|r_a|r_b|r_a|r_r|r_d|r_u|r_r|r_a
r_ñ|s|s|s|s|s|d|d|d
r_o|d|d|d|d|d|d|s
r_o|d|d|d|r_f|r_i|r_z|r_i|l|r_l
r_o|d|d|d|r_h|l|r_r
r_o|d|d|r_h|r_e
r_o|d|d|r_m|l|r_n
r_o|s|s|s|s|d
r_o|s|s|s|s|d|d|d
r_p|d|d|d|r_a|r_l|r_e|r_s|r_t|r_i|r_n|r_a|r_r
r_p|d|d|r_a|r_r|r_l|r_a|r_m|r_e|r_n|r_t|r_u
r_p|d|d|s
r_p|d|r_a
r_p|d|r_o|r_l|r_i|r_z|r_i|r_a
r_p|d|r_o|r_z|r_o|r_i
r_p|s|s|r_a|d
r_p|s|s|s|s|d|d|d
r_p|s|s|s|s|s|r_a|d
r_P|s|s|s|s|s|s|s
r_r|d
r_r|d|d|d|d|l|r_l|r_l|r_y
r_r|d|d|r_a|r_l|r_l|r_y
r_*|r_e|r_d|r_i|r_n
r_*|r_e|r_d|r_u|r_n
r_*|r_e|r_d|r_u|s
r_*|r_e|r_d|r_u|s|d
r_*|r_e|r_d|s|d|d|d|d|d|d|d|s
r_*|r_e|r_d|s|d|d|d|d|d|s
r_*|r_e|r_d|s|d|d|d|d|s
r_*|r_e|r_d|s|d|d|d|d|s|d
r_*|r_e|r_d|s|d|d|d|s
r_*|r_e|r_d|s|d|d|d|s|d|d
r_*|r_e|r_d|s|d|d|d|s|d|d|d|d
r_*|r_e|r_d|s|d|d|d|s|d|d|d|d|d|d|d
r_*|r_e|r_d|s|d|d|s
r_*|r_e|r_d|s|d|d|s|d
r_*|r_e|r_d|s|d|d|s|d|d
r_*|r_e|r_d|s|d|s
r_*|r_e|r_d|s|d|s|d
r_*|r_e|r_d|s|d|s|d|d
r_*|r_e|r_d|s|d|s|d|d|d
r_*|r_e|r_d|s|d|s|d|d|d|d|d
r_*|r_e|r_d|s|d|s|d|d|d|d|d|d|d|d
r_*|r_e|r_d|s|r_n
r_*|r_e|r_d|s|r_n|d
r_*|r_e|r_d|s|r_n|d|d
r_*|r_e|r_d|s|r_n|d|d|d
r_*|r_e|r_d|s|r_n|d|d|d|d
r_*|r_e|r_d|s|r_n|d|d|d|d|d
r_*|r_e|r_d|s|r_n|d|d|d|d|d|d
r_*|r_e|r_d|s|s
r_*|r_e|r_d|s|s|d
r_*|r_e|r_d|s|s|d|d
r_*|r_e|r_d|s|s|d|d|d
r_*|r_e|r_d|s|s|d|d|d|d|d
r_*|r_e|r_d|s|s|d|d|d|d|d|d
r_*|r_e|r_d|s|s|d|d|d|d|d|d|d
r_*|r_e|s|d|d|d|d|s|r_n
r_*|r_e|s|d|d|s|d|s
r_*|r_e|s|d|d|s|r_n
r_*|r_e|s|d|d|s|r_n|d
r_*|r_e|s|d|d|s|r_n|d|d
r_*|r_e|s|d|d|s|s
r_*|r_e|s|d|s|d|d|d|d|d|d|s
r_*|r_e|s|d|s|r_n|d|d|d
r_*|r_e|s|r_u|d|d|d|d|r_n
r_*|r_e|s|r_u|d|d|d|d|s
r_*|r_e|s|r_u|d|d|d|r_n
r_*|r_e|s|r_u|d|d|d|s
r_*|r_e|s|r_u|d|d|r_n
r_*|r_e|s|r_u|d|d|s
r_*|r_e|s|r_u|d|d|s|d
r_*|r_e|s|r_u|d|d|s|d|d
r_*|r_e|s|r_u|d|r_n
r_*|r_e|s|r_u|r_n
r_*|r_e|s|r_u|s
r_*|r_e|s|r_u|s|d
r_*|r_e|s|r_u|s|d|d
r_*|r_e|s|r_u|s|d|d|d
r_*|r_e|s|s|d|d|s
r_*|r_e|s|s|r_n
r_*|r_e|s|s|r_n|d
r_*|r_e|s|s|r_n|d|d
r_*|r_e|s|s|s
r_s|d|d|d|r_a|r_i|r_l|r_k|r_a|r_p|r_e|r_n
r_*|s|d|d|d|s|s|d|d|d|s
r_*|s|d|d|d|s|s|d|d|d|s|d|d
r_*|s|d|d|d|s|s|r_n|d
r_s|d|d|r_u|r_h|r_i|r_l|r_t|r_z|r_a|r_i|r_l|r_e
r_s|d|r_a|r_s|r_o|r_i
r_*|s|r_d|d|d|d|d|r_u|s
r_*|s|r_d|d|d|d|s|r_n
r_*|s|r_d|d|d|s|d|d|d|d|s
r_*|s|r_d|d|d|s|d|d|s
r_*|s|r_d|d|d|s|d|d|s|d|d
r_*|s|r_d|d|d|s|d|s
r_*|s|r_d|d|d|s|r_n|d|d
r_*|s|r_d|d|d|s|r_n|d|d|d|d
r_*|s|r_d|d|d|s|r_n|d|d|d|d|d|d|d
r_*|s|r_d|d|d|s|s
r_*|s|r_d|d|r_u|s
r_*|s|r_d|s|d|d|d|d|s
r_*|s|r_d|s|d|d|d|d|s|d
r_*|s|r_d|s|d|d|d|s
r_*|s|r_d|s|d|d|d|s|d
r_*|s|r_d|s|d|d|s
r_*|s|r_d|s|d|s
r_*|s|r_d|s|d|s|d
r_*|s|r_d|s|d|s|d|d
r_*|s|r_d|s|d|s|d|d|d
r_*|s|r_d|s|d|s|d|d|d|d
r_*|s|r_d|s|r_n
r_*|s|r_d|s|r_n|d
r_*|s|r_d|s|r_n|d|d
r_*|s|r_d|s|r_n|d|d|d
r_*|s|r_d|s|r_n|d|d|d|d
r_*|s|s|d|d|d|d|d|d|d|s|s
r_*|s|s|d|d|d|d|s|s
r_*|s|s|d|d|s|s
r_*|s|s|s
r_*|s|s|s|d|d|d|d|d|d|d|d|d|s
r_*|s|s|s|d|d|d|d|d|d|d|s
r_*|s|s|s|d|d|d|d|d|s
r_*|s|s|s|d|d|d|d|d|s|d|d
r_*|s|s|s|d|d|d|d|s
r_*|s|s|s|d|d|d|d|s|d
r_*|s|s|s|d|d|d|d|s|d|d
r_*|s|s|s|d|d|d|s
r_*|s|s|s|d|d|d|s|d
r_*|s|s|s|d|d|d|s|d|d
r_*|s|s|s|d|d|s
r_*|s|s|s|r_n
r_*|s|s|s|r_n|d
r_*|s|s|s|r_n|d|d
r_*|s|s|s|r_n|d|d|d
r_*|s|s|s|r_n|d|d|d|d
r_*|s|s|s|r_n|d|d|d|d|d
r_*|s|s|s|r_n|d|d|d|d|d|d
r_*|s|s|s|r_n|d|d|d|d|d|d|d
r_*|s|s|s|s
r_s|s|s|s|s|d|d|d|d|d|d|d|d|d|d
r_s|s|s|s|s|s|r_u|d|d|d
r_t|d|d|d|d|s|s|s
r_t|d|r_a|r_l|r_d|r_e
r_t|s|s|s|d
r_t|s|s|s|s|s|s|s|s|s
r_u|d|d|d|d|d|d|d|s|d|s|s
r_u|d|d|d|d|d|d|r_k|r_a|s
r_u|d|d|d|d|d|r_k|r_a|r_n
r_u|d|d|d|d|d|r_k|r_a|s
r_u|d|d|d|d|d|r_k|s|r_n
r_u|d|d|d|d|d|r_k|s|r_n|d
r_u|d|d|d|d|d|r_k|s|s
r_u|d|d|d|d|d|s|r_a|d|d|r_n
r_u|d|d|d|d|d|s|r_a|r_n
r_u|d|d|d|d|r_k|r_a|r_n
r_u|d|d|d|d|r_k|r_a|s
r_u|d|d|d|d|r_k|s|r_n|d
r_u|d|d|d|d|r_k|s|r_n|d|d
r_u|d|d|d|d|s|d|s|s
r_u|d|d|d|d|s|r_a|d|d|d|r_n
r_u|d|d|d|d|s|r_a|d|d|r_n
r_u|d|d|d|d|s|r_a|d|d|s
r_u|d|d|d|d|s|r_a|d|s
r_u|d|d|d|d|s|r_a|r_n
r_u|d|d|d|r_d|r_a|r_l
r_u|d|d|d|r_k|r_a|r_n
r_u|d|d|d|r_k|r_a|s
r_u|d|d|d|r_k|s|r_n|d
r_u|d|d|d|r_k|s|r_n|d|d
r_u|d|d|d|r_k|s|s
r_u|d|d|r_k|r_a|r_n
r_u|d|d|r_k|r_a|s
r_u|d|d|r_k|r_a|s|d|d
r_u|d|d|r_k|s|r_n|d
r_u|d|d|r_k|s|s
r_u|d|d|r_r|r_t|r_e
r_u|d|d|s|d|d|d|s|r_n
r_u|d|d|s|d|d|d|s|r_n|d
r_u|d|d|s|d|d|s|r_n|d
r_u|d|d|s|d|d|s|r_n|d|d|d
r_u|d|d|s|d|d|s|s
r_u|d|d|s|d|d|s|s|d|d
r_u|d|d|s|r_a|d|d|d|d|r_n
r_u|d|d|s|r_a|d|d|d|r_n
r_u|d|d|s|r_a|d|d|d|s
r_u|d|d|s|r_a|d|d|r_n
r_u|d|d|s|r_a|d|d|s
r_u|d|d|s|r_a|d|r_n
r_u|d|d|s|r_a|d|s
r_u|d|d|s|r_a|d|s|d
r_u|d|d|s|r_a|d|s|d|d
r_u|d|d|s|r_a|r_n
r_u|d|d|s|s|r_n|d|d
r_u|d|d|s|s|r_n|d|d|d|d|d
r_u|d|r_k|r_a|r_n
r_u|d|r_k|r_a|s
r_u|d|r_k|r_a|s|d
r_u|d|r_k|r_a|s|d|d
r_u|d|r_k|r_a|s|d|d|d
r_u|d|r_k|s|d|d|s
r_u|d|r_k|s|d|d|s|d|d
r_u|d|r_k|s|r_n
r_u|d|r_k|s|r_n|d
r_u|d|r_k|s|r_n|d|d
r_u|d|r_k|s|r_n|d|d|d
r_u|d|r_k|s|s
r_u|d|r_k|s|s|d
r_u|d|r_s|r_a
r_u|d|s|r_a|d|d|s
r_u|d|s|r_a|s
r_uka|r_n
r_uk|r_a|r_n
r_uk|r_a|s
r_uk|s|r_n
r_uk|s|s|d
r_uk|s|s|d|d|d
r_uk|s|s|d|d|d|d|d|d
r_u|r_k|r_a|r_n
r_u|r_k|r_a|s
r_u|r_k|r_a|s|d
r_u|r_k|r_a|s|d|d
r_u|r_k|s|r_n
r_u|r_k|s|r_n|d
r_u|r_k|s|s
r_us|r_a
r_u|s|r_i|s|s
r_u|s|r_i|s|s|d|d
r_U|s|s|s|s
r_U|s|s|s|s|s|s|s|s
r_v|d|d|d
r_v|d|d|d|d|d
r_V|s|s
r_w|d
r_x|s|s|s|s|s
r_X|s|s|s|s|s|s|s|d
r_x|s|s|s|s|s|s|s|s|s|s|r_a|d
r_z|d|d|d|d|r_i|r_n|r_e|r_m|l|r_l|r_d|r_i
r_z|d|d|d|r_i|r_b|r_i|r_l
r_z|d|d|l|r_b|r_i|r_l
r_z|d|d|r_a|r_l|r_e
r_z|d|d|r_u
r_z|d|r_a|r_b|r_a|r_l
r_z|d|r_e|r_r|r_g|r_a
r_z|d|s|s|s
r_z|r_u|s|s|s|s|s|s|s|d
r_z|s|s|s|s|s|s
r_z|s|s|s|s|s|s|d|d|d|d
r_z|s|s|s|s|s|s|s|s|d|d
s
s|d
s|d|d
s|d|d|d
s|d|d|d|d
s|d|d|d|d|d
s|d|d|d|d|d|d
s|d|d|d|d|d|d|d|s|r_u
s|d|d|d|d|d|d|s|r_u
s|d|d|d|d|d|s|d|s|r_a|d|d|d|s|r_t|r_u
s|d|d|d|d|d|s|r_u
s|d|d|d|d|d|s|r_u|d|d
s|d|d|d|d|d|s|r_u|d|d|d
s|d|d|d|d|l|s|s|s|r_o
s|d|d|d|d|s
s|d|d|d|d|s|r_u
s|d|d|d|d|s|r_u|d
s|d|d|d|d|s|r_u|d|d
s|d|d|d|d|s|r_u|d|d|d
s|d|d|d|d|s|r_u|d|d|d|d
s|d|d|d|s|r_u
s|d|d|l|r_f|r_a|r_r|r_r|r_o|r_a
s|d|d|l|r_n|r_o|r_s|r_t|r_i|r_a
s|d|d|l|r_t|r_a|r_l|r_u|r_n|r_i|r_a
s|d|d|l|r_t|r_a|r_s|r_u|r_n|r_a
s|d|d|s
s|d|d|s|d
s|d|d|s|d|d
s|d|d|s|r_a|d|d|d|d|d|d|d|d|d|d|d|r_a|s|s|s
s|d|l|r_n|r_i|r_k|r_a
s|d|l|s|s|s|s|s
s|d|s|r_s|d|d|d|r_i
s|d|s|r_s|d|s|d|d
s|d|s|r_s|d|s|d|d|d
s|d|s|r_s|d|s|d|d|d|d|d
s|d|s|r_s|s|d|d|d|s|d
s|d|s|r_s|s|r_e|d|d|d
s|d|s|r_s|s|r_e|d|d|d|d
s|d|s|r_s|s|r_e|d|d|d|d|d
s|d|s|r_x|d|d|d|d|s|d
s|d|s|r_x|d|d|d|r_i
s|d|s|r_x|d|r_i
s|d|s|r_x|r_i
s|d|s|r_z|d|d|s
s|d|s|r_z|d|d|s|d|d
s|d|s|r_z|d|r_i
s|d|s|r_z|r_i
s|d|s|s|s|s|s|d|d|d
s|d|s|s|s|s|s|s|d|d
s|d|s|s|s|s|s|s|s|d|d|d
s|i_h|s|s|d|d
s|i_+|i_+
s|i_l|s|s|s|s|s|s|s|s|s|d
s|i_t
s|i_t|s|s
s|i_z|s|s|s|s|s|s|s|s|s|d|d|d
s|l|l
s|l|l|l
s|l|l|l|l
s|l|l|l|l|l
s|l|l|l|l|l|l
s|l|l|l|l|l|l|l
s|l|l|l|l|l|l|l|l
s|l|l|l|l|l|l|l|l|l
s|l|l|l|l|l|l|l|l|l|l
s|l|l|l|l|l|l|l|l|l|l|l|l
s|l|l|l|l|s|s|r_r|d|d|r_d|r_i|r_n
s|l|l|l|s|s|s|s|s|s|s|s|s
s|l|l|s|d|d
s|l|l|s|s|s|s|s|d|d|d|d
s|l|l|s|s|s|s|s|s
s|l|l|s|s|s|s|s|s|d
s|l|l|s|s|s|s|s|s|d|d|d
s|l|s|s|s
s|l|s|s|s|s|d|d
s|r_a
s|r_a|d
s|r_a|d|d|d|d|d|r_u
s|r_a|d|d|d|d|r_r|r_r|r_o|r_s
s|r_a|d|d|d|d|r_u
s|r_a|d|d|d|d|s|r_a|s|s|r_u|d|d|d
s|r_a|d|d|d|r_i|r_s|r_l|l|r_y
s|r_a|d|d|r_d|r_r|r_i|r_l
s|r_a|d|d|r_m|r_e|r_r|r_u|r_n
s|r_a|d|d|r_s|r_t|r_e|r_i|r_z
s|r_a|d|d|r_t|r_i|r_k|r_a|r_n|l
s|r_a|d|d|r_u
s|r_a|d|r_r|r_k|r_e|r_r|r_o
s|r_a|d|r_s|r_k|r_o|r_n|r_i|r_a
s|r_a|d|r_u
s|r_a|s|d|s|r_s|d|r_i
s|r_A|s|s|d|d
s|r_b|d|r_e|r_r|r_d|r_r|r_o|r_l|r_a
s|r_b|s|s|s|s|s|s|s
s|r_c|d|r_b
s|r_d|d|d|r_i|r_a|r_k|l|r_z
s|r_e|d|d|r_b|r_a|r_a
s|r_e|d|d|r_n|r_a|r_q|r_u|r_e
s|r_e|d|d|r_r|r_u
s|r_e|d|r_o|r_r|r_g|r_i|r_a
s|r_e|d|r_r|r_a|r_s|r_a|r_t|r_e|r_g|r_i
s|r_e|r_R|s|s|r_N
s|r_e|r_R|s|s|r_N|d
s|r_e|r_R|s|s|r_R|d|d|d
s|r_e|r_R|s|s|r_R|d|d|d|d
s|r_e|r_R|s|s|r_R|d|d|d|d|d|d
s|r_e|r_R|s|s|r_R|s|s|s
s|r_e|r_R|s|s|s|d|d
s|r_e|r_R|s|s|s|d|d|d
s|r_e|r_R|s|s|s|d|d|d|d
s|r_e|r_R|s|s|s|s|d|d
s|r_e|r_R|s|s|s|s|s|d|d
s|r_e|r_R|s|s|s|s|s|d|d|d|d|d
s|r_e|r_R|s|s|s|s|s|d|d|d|d|d|s
s|r_e|r_R|s|s|s|s|s|d|d|d|s
s|r_e|r_R|s|s|s|s|s|s|d|d
s|r_e|r_R|s|s|s|s|s|s|d|d|d|d|d
s|r_e|r_R|s|s|s|s|s|s|d|d|d|d|s
s|r_e|r_R|s|s|s|s|s|s|s
s|r_e|r_R|s|s|s|s|s|s|s|d|d|d|d|d
s|r_e|r_R|s|s|s|s|s|s|s|s|s
s|r_e|s|r_a|d
s|r_e|s|s
s|r_e|s|s|s|d|d|d
s|r_F|r_V
s|r_+garren!
s|r_+garren4
s|r_g|d|d|d|r_u|r_n|r_k|l|s|r_i|d|r_a
s|r_g|d|d|l|l
s|r_g|d|d|r_i|r_p|r_t|l
s|r_+g|s|r_rren!
s|r_+g|s|r_rren4
s|r_i|d|d|d|r_b|r_a|r_r
s|r_i|d|d|r_m|r_o|r_r
s|r_i|d|r_a|l|r_r|r_i|r_t|r_z|r_e
s|r_i|d|r_n|r_t|r_o
s|r_i|r_h|s|s|s|s|s|s|s
s|r_i|s|s|s|s
s|r_i|s|s|s|s|s
s|r_i|s|s|s|s|s|s|d|d|d|d|d
s|r_i|s|s|s|s|s|s|s|s|d|d
s|r_l|d|d|d|l|r_z|r_h|r_a|r_r
s|r_l|d|d|l|r_z|l|r_b|r_a|r_l
s|r_l|d|d|r_e|r_m|r_a|r_n|r_i|r_a
s|r_l|d|r_o|r_n|r_s|r_o
s|r_m|s|s|s|s|s|s|s|s
s|r_m|s|s|s|s|s|s|s|s|d|d
s|r_m|s|s|s|s|s|s|s|s|d|d|d|d
s|r_n|d|r_t|r_o|r_n|r_i|r_o
s|r_o|d|d|d|d|d|d|d|r_r|r_s|r_i|r_k|r_a
s|r_o|d|d|d|r_n|r_t|r_c|r_u|r_b|r_e|s|r_t|r_a
s|r_o|d|d|r_p|r_e|r_l|r_a
s|r_o|d|d|r_r|r_e|r_a
s|r_o|d|d|r_r|r_s|r_i|l|r_a
s|r_o|d|d|r_s
s|r_o|d|r_r|r_s|r_i|r_k|r_a
s|r_ol|r_i|r_n|r_a
s|r_o|s|s|s|s
s|r_o|s|s|s|s|s|s|d
s|r_r|d|d|d|l|r_o|r_l|r_a
s|r_r|d|d|d|r_a|r_s|r_i|r_l
s|r_r|d|d|r_a|r_n|r_t|r_z|r_i|r_a
s|r_r|d|d|r_l|r_a|r_n|r_d|r_a
s|r_r|d|d|r_m|r_e|r_n|r_i|r_a
s|r_r|d|d|r_u|r_n
s|r_r|d|r_a|r_b|r_a
s|r_r|d|r_b|r_a|r_i|r_z
s|r_r|d|r_i|r_o
s|r_r|s|s|s|d|d|d|d
s|r_r|s|s|s|s|s
s|r_s|d|d|d|r_o|r_b|r_a|r_l
s|r_s|d|d|r_p|r_a|l|r_n|r_i|r_a
s|r_s|d|d|r_t|r_o|r_n|r_i|r_a
s|r_s|d|r_a|r_s|r_u|r_n|r_a
s|r_s|d|r_t|r_i|l|r_l|r_e|r_r|r_o
s|r_s|s|s|s|s
s|r_s|s|s|s|s|s|s|s|s|d
s|r_t|d|d|d|d|d|r_a|r_l|l|r_a
s|r_t|d|d|d|l|r_o|r_p|r_i|r_a
s|r_t|d|d|d|r_h|r_l|r_e|r_t|r_i|r_c
s|r_t|d|d|r_a|r_l|r_i|r_a
s|r_t|d|d|r_l|r_a|r_n|r_t|r_a
s|r_t|d|r_a|r_l|r_i|r_a
s|r_t|r_z|r_i
s|r_t|s
s|r_u|d|d|d|l|r_r|r_t|l|r_n
s|r_u|d|d|d|s|s
s|r_u|d|d|r_g|r_o|r_s|r_l|r_a|r_v|r_i|r_a
s|r_u|d|d|r_p|r_e|r_r|r_k|r_o|r_p|r_a
s|r_u|d|d|r_r|r_o|r_p|r_a
s|r_u|d|d|r_s|r_t|r_r|r_i|r_a
s|r_u|s|d|d|d|d|d|s
s|r_u|s|d|d|d|d|s|d
s|r_u|s|d|d|d|s|d
s|r_u|s|d|d|d|s|d|d|d|d
s|r_u|s|d|d|s
s|r_u|s|d|d|s|d
s|r_u|s|d|s|d
s|r_u|s|d|s|d|d
s|r_u|s|d|s|d|d|d
s|r_u|s|d|s|d|d|d|d
s|r_u|s|d|s|d|d|d|d|d
s|r_u|s|r_a
s|r_u|s|r_a|d
s|r_u|s|r_a|d|d|d
s|r_u|s|r_a|d|d|d|d
s|r_u|s|s|s|d
s|r_u|s|s|s|r_u|d|d
s|r_u|s|s|s|r_u|d|d|d
s|r_u|s|s|s|s
s|r_u|s|s|s|s|s
s|r_u|s|s|s|s|s|d
s|r_u|s|s|s|s|s|d|d
s|r_u|s|s|s|s|s|s|s|s|d|d|d|d|d|d
s|r_V
s|r_x|d|d|r_e|r_t|r_x|r_e|r_n|r_i|r_a
s|r_x|d|d|r_i|r_l|r_e
s|r_x|d|d|r_i|r_n|r_a
s|r_x|s|s|s|s|r_u|d|d
s|r_x|s|s|s|s|s|r_u|d|d
s|r_y|d|d|d|r_c|r_o|r_s
s|r_z|d|d|d|r_n|r_a|r_r
s|r_z|s|s|s|d
s|r_z|s|s|s|s|s|s|s
s|s
s|s|d
s|s|d|d
s|s|d|d|d
s|s|d|d|d|d
s|s|d|d|d|d|d
s|s|d|d|d|d|d|d
s|s|d|d|d|d|d|d|d
s|s|d|d|d|d|d|d|d|d
s|s|d|d|d|d|d|d|d|d|d
s|s|d|d|d|d|d|d|d|d|d|d
s|s|d|d|d|d|d|s
s|s|d|d|s
s|s|d|d|s|d
s|s|d|d|s|r_n|r_a
s|s|d|s|d|d|d
s|s|d|s|r_s|d|d|s
s|s|d|s|r_s|d|r_i
s|s|d|s|r_s|d|s|d
s|s|d|s|r_s|r_i
s|s|d|s|s|d|d|d
s|s|d|s|s|s
s|s|d|s|s|s|d
s|s|d|s|s|s|d|d
s|s|d|s|s|s|d|d|d
s|s|d|s|s|s|d|d|d|d
s|s|d|s|s|s|d|d|d|d|d
s|s|d|s|s|s|d|d|d|s
s|s|d|s|s|s|r_u
s|s|d|s|s|s|s
s|s|d|s|s|s|s|s
s|s|d|s|s|s|s|s|d|d
s|s|d|s|s|s|s|s|s|d|d|d|d|d|d
s|s|i_he|s|s|s|s|s|s|s|s
s|s|i_+|i_+|s|s|s|s
s|s|i_N|s|d|d|d|d
s|s|i_N|s|d|d|d|d|d
s|s|i_n|s|s|s|s|s|s
s|s|i_r_ed|i__|s|s
s|s|i_+|s
s|s|i_+|s|d|d
s|s|i_s|r_u
s|s|i_+|s|s|d|d
s|s|i_+|s|s|s|s|s|r_!
s|s|i_+|s|s|s|s|s|r_!|d
s|s|i_+|s|s|s|s|s|r_!|d|d
s|s|i_t+|s
s|s|i_t|s
s|s|i_t|s|d|d
s|s|i_t|s|d|d|d
s|s|i_t|s|d|d|d|d|d
s|s|i_t|s|d|d|d|d|d|d
s|s|i_t|s|s
s|s|i_t|s|s|d
s|s|i_t|s|s|d|d
s|s|i_t|s|s|s|d
s|s|i_t|s|s|s|d|d
s|s|i_t|s|s|s|d|d|d|d
s|s|i_t|s|s|s|s|s|d
s|s|i_t|s|s|s|s|s|d|d|d
s|s|i_z|r_u
s|s|l
s|s|l|s|s
s|s|l|s|s|d
s|s|l|s|s|s
s|s|l|s|s|s|s
s|s|l|s|s|s|s|d|d|d
s|s|l|s|s|s|s|d|d|d|d|d|d
s|s|l|s|s|s|s|s|s|s
s|s|l|s|s|s|s|s|s|s|d|d
s|s|r_.
s|s|r_a|d
s|s|r_a|d|d|d
s|s|r_a|s|r_r|d|d|r_i
s|s|r_.|d|d|d|d|d
s|s|r_.|d|d|d|d|d|d
s|s|r_.|d|d|d|d|d|d|d
s|s|r_.|d|d|d|d|d|d|d|d
s|s|r_.|d|d|d|d|d|d|d|d|d
s|s|r_.|d|d|d|d|d|d|d|d|d|d
s|s|r_d|d|d|d|r_u
s|s|r_d|d|d|r_u
s|s|r_du
s|s|r_+garren!
s|s|r_+garren4
s|s|r_+garre|r_n|r_4
s|s|r_+garr|s|r_n|r_!
s|s|r_+garr|s|r_n|r_4
s|s|r_+g|s|r_rren!
s|s|r_+g|s|r_rren4
s|s|r_i|r_h|s|s|s|r_u|d
s|s|r_i|r_h|s|s|s|s|s|d|d|d
s|s|r_j|s|s|s|s|s|d|d
s|s|r_k|s|s|d|d
s|s|r_k|s|s|d|d|d|d|d
s|s|r_k|s|s|s|s|s
s|s|r_m|s|s|s|s|s|s
s|s|r_nb|s|s|s|s|s|s|s
s|s|r_n|d
s|s|r_n|d|d
s|s|r_n|d|d|d
s|s|r_ñ|d|s|s|d
s|s|r_n|s|r_z|r_i
s|s|r_n|s|s
s|s|r_n|s|s|s|s|s|s
s|s|r_n|s|s|s|s|s|s|s
s|s|r_o|s|s|s|s|s|s|d|d
s|s|r_R|d|s|d|s|r_s|d
s|s|r_R|d|s|d|s|r_s|d|d
s|s|r_R|d|s|s|s|d
s|s|r_R|d|s|s|s|r_N
s|s|r_R|d|s|s|s|s
s|s|r_R|d|s|s|s|s|d
s|s|r_R|d|s|s|s|s|d|d
s|s|r_R|d|s|s|s|s|d|d|d
s|s|r_R|d|s|s|s|s|d|d|d|d
s|s|r_R|d|s|s|s|s|d|d|d|d|d
s|s|r_R|d|s|s|s|s|i_t|s|s|s|s|s|s|s|d|d|d|d|d|d
s|s|r_R|d|s|s|s|s|r_R|d|d
s|s|r_R|d|s|s|s|s|s|d|d|d|d
s|s|r_R|d|s|s|s|s|s|d|d|d|d|s
s|s|r_R|d|s|s|s|s|s|d|d|d|s
s|s|r_R|d|s|s|s|s|s|r_R|d|d
s|s|r_R|d|s|s|s|s|s|r_R|d|d|d
s|s|r_R|d|s|s|s|s|s|r_R|d|d|d|d
s|s|r_R|d|s|s|s|s|s|r_R|d|d|d|d|d
s|s|r_R|d|s|s|s|s|s|s
s|s|r_R|d|s|s|s|s|s|s|d|d
s|s|r_R|d|s|s|s|s|s|s|d|d|d
s|s|r_R|d|s|s|s|s|s|s|d|d|d|d
s|s|r_R|d|s|s|s|s|s|s|d|d|d|d|d
s|s|r_R|d|s|s|s|s|s|s|d|d|d|d|d|d
s|s|r_R|d|s|s|s|s|s|s|s|d|d|d|d|s
s|s|r_R|d|s|s|s|s|s|s|s|s|d|d|d|d|d
s|s|r_R|r_e|r_t|s|s|s|d|d
s|s|r_R|r_h|s|r_R|d|d
s|s|r_R|r_+|s|s|s|r_N
s|s|r_R|r_+|s|s|s|s
s|s|r_R|r_+|s|s|s|s|s|s
s|s|r_R|r_+|s|s|s|s|s|s|d|d
s|s|r_R|r_+|s|s|s|s|s|s|d|d|d|d
s|s|r_R|r_+|s|s|s|s|s|s|d|d|d|d|d
s|s|r_R|r_+|s|s|s|s|s|s|d|d|d|d|d|d
s|s|r_R|r_+|s|s|s|s|s|s|d|d|d|d|d|d|d|d
s|s|r_R|s|s
s|s|r_R|s|s|s
s|s|r_R|s|s|s|d
s|s|r_R|s|s|s|d|d
s|s|r_R|s|s|s|d|d|d
s|s|r_R|s|s|s|s|s|s
s|s|r_R+|s|s|s|s|s|s|s|s|s|d|d
s|s|r_s|r_t|s|s|s
s|s|r_S|r_T|s|s|s|s|s|s|s|s|s|s|s|r_a|d
s|s|r_s|s|s|d|d|d
s|s|r_s|s|s|i_+|s|s|r_+|d|d|r_-|r_+|r_l|s|s
s|s|r_s|s|s|s
s|s|r_s|s|s|s|s
s|s|r_s|s|s|s|s|s
s|s|r_s|s|s|s|s|s|s|s|d|d
s|s|r_s|s|s|s|s|s|s|s|d|d|d
s|s|r_t-b|s|s|s|s|s
s|s|r_t|d|d|d|r_z
s|s|r_t|d|d|d|s|s|d
s|s|r_t|s|s|s|d|d|d
s|s|r_tu
s|s|r_u|d
s|s|r_u+|s|s|s|s|d|d|d|d
s|s|r_x|s|i_a_b|s
s|s|r_x|s|s|r_u|d|d|d
s|s|r_z|s|s|d|d|d
s|s|r_z|s|s|s|s
s|s|s
s|s|s|d
s|s|s|d|d
s|s|s|d|d|d
s|s|s|d|d|d|d
s|s|s|d|d|d|d|d
s|s|s|d|d|d|d|d|d
s|s|s|d|d|d|d|d|d|d
s|s|s|d|d|d|d|d|d|d|d
s|s|s|d|d|d|d|d|d|d|d|d
s|s|s|d|d|d|d|d|d|d|d|d|d
s|s|s|d|d|d|d|d|d|d|d|d|d|d|d
s|s|s|d|d|d|d|d|d|d|d|d|d|d|s
s|s|s|d|d|d|d|d|d|d|s
s|s|s|d|d|d|d|d|d|d|s|d
s|s|s|d|d|d|d|d|d|s
s|s|s|d|d|d|d|d|d|s|d
s|s|s|d|d|d|d|d|d|s|d|d
s|s|s|d|d|d|d|d|s
s|s|s|d|d|d|d|d|s|d
s|s|s|d|d|d|d|d|s|d|d|d
s|s|s|d|d|d|d|d|s|r_s|r_i
s|s|s|d|d|d|d|d|s|r_z|r_i
s|s|s|d|d|d|d|d|s|s|d
s|s|s|d|d|d|d|s
s|s|s|d|d|d|d|s|d
s|s|s|d|d|d|d|s|d|d
s|s|s|d|d|d|d|s|d|d|d|d
s|s|s|d|d|d|d|s|d|d|d|d|d|d
s|s|s|d|d|d|d|s|r_i|d|d
s|s|s|d|d|d|d|s|r_k
s|s|s|d|d|d|s
s|s|s|d|d|d|s|d
s|s|s|d|d|d|s|d|d
s|s|s|d|d|d|s|d|s|d|d
s|s|s|d|d|d|s|r_i
s|s|s|d|d|d|s|r_k
s|s|s|d|d|d|s|s|d
s|s|s|d|d|s
s|s|s|d|d|s|d
s|s|s|d|d|s|d|d
s|s|s|d|d|s|d|d|d
s|s|s|d|d|s|d|d|d|d
s|s|s|d|d|s|d|d|d|d|d
s|s|s|d|d|s|d|d|d|d|d|d
s|s|s|d|d|s|r_k
s|s|s|d|d|s|s|d
s|s|s|d|s
s|s|s|d|s|d
s|s|s|d|s|d|d
s|s|s|d|s|d|d|d|d|d
s|s|s|d|s|r_d|r_a
s|s|s|d|s|r_o|r_i
s|s|s|d|s|r_s|d|d|d|d|s|d
s|s|s|d|s|r_s|d|d|d|r_i
s|s|s|d|s|r_s|d|d|s|d|d
s|s|s|d|s|r_s|d|r_i
s|s|s|d|s|r_s|r_i
s|s|s|d|s|r_u|d|d|d
s|s|s|d|s|r_z|d|d|d|d|s|d
s|s|s|d|s|r_z|d|d|d|r_i
s|s|s|d|s|r_z|d|d|d|s|d
s|s|s|d|s|r_z|d|d|r_i
s|s|s|d|s|r_z|d|d|s
s|s|s|d|s|r_z|d|r_i
s|s|s|d|s|r_z|d|s|d
s|s|s|d|s|r_z|r_i
s|s|s|d|s|s
s|s|s|d|s|s|d|d
s|s|s|d|s|s|d|d|d|d
s|s|s|d|s|s|s|d
s|s|s|d|s|s|s|s|d
s|s|s|d|s|s|s|s|d|d
s|s|s|d|s|s|s|s|s
s|s|s|d|s|s|s|s|s|s|s
s|s|s|i__a|s|s
s|s|s|i_+|i_+|s|s|s|d|d
s|s|s|i_+|i_+|s|s|s|s
s|s|s|i_+|i_+|s|s|s|s|d
s|s|s|i_+|i_+|s|s|s|s|d|d
s|s|s|i_+|i_+|s|s|s|s|s|d
s|s|s|i_l|s
s|s|s|i_N|s
s|s|s|i_N|s|d
s|s|s|i_N|s|d|d
s|s|s|i_N|s|d|d|d|d|d
s|s|s|i_N|s|d|d|d|d|d|d
s|s|s|i_N|s|d|d|d|d|d|d|d|d|d
s|s|s|i_-n|s|s
s|s|s|i_-n|s|s|d|d|d
s|s|s|i_-n|s|s|s|s|d
s|s|s|i_-n|s|s|s|s|s
s|s|s|i_s|r_u
s|s|s|i_-|s|s
s|s|s|i__|s|s
s|s|s|i_+|s|s|d|d|d
s|s|s|i_-|s|s|s
s|s|s|i_+|s|s|s|d|d|d
s|s|s|i_+|s|s|s|d|d|d|d
s|s|s|i__|s|s|s|s|d
s|s|s|i__|s|s|s|s|d|d
s|s|s|i_+|s|s|s|s|s|r_!
s|s|s|i_~+|s|s|s|s|s|r_!
s|s|s|i_+|s|s|s|s|s|s|s|s|s|s
s|s|s|i_t|s|d|d
s|s|s|i_t|s|d|d|d
s|s|s|i_t|s|d|d|d|d|d|d
s|s|s|i_t|s|s
s|s|s|i_t|s|s|d
s|s|s|i_t|s|s|d|d
s|s|s|i_t|s|s|d|d|d|d|d
s|s|s|i_t|s|s|d|d|d|d|d|d
s|s|s|i_t|s|s|s|d|d|d
s|s|s|i_t|s|s|s|s|s|d
s|s|s|i_t+|s|s|s|s|s|r_!
s|s|s|i_t+|s|s|s|s|s|r_!|d
s|s|s|i_t|s|s|s|s|s|s|r_u|d|d
s|s|s|i_t|s|s|s|s|s|s|s|s
s|s|s|i_t|s|s|s|s|s|s|s|s|s|s|s|s|s|d
s|s|s|i_z|r_u
s|s|s|l|s|s
s|s|s|l|s|s|s
s|s|s|r_.
s|s|s|r_a
s|s|s|r_a|d
s|s|s|r_a|d|d
s|s|s|r_a|d|d|d
s|s|s|r_a|d|d|d|d
s|s|s|r_a|d|d|d|d|d
s|s|s|r_a|d|d|d|d|d|d
s|s|s|r_A|d|d|d|d|d|d|d|r_.
s|s|s|r_a|d|d|r_k
s|s|s|r_a|r_k
s|s|s|r_a|s
s|s|s|r_a|s|d|d
s|s|s|r_A|s|s|d|d
s|s|s|r_A|s|s|d|d|d
s|s|s|r_a|s|s|r_i|d|d|d
s|s|s|r_a|s|s|r_o|s|s
s|s|s|r_A|s|s|s
s|s|s|r_A|s|s|s|d|d
s|s|s|r_a|s|s|s|s|s|s|d|d
s|s|s|r_c
s|s|s|r_.|d|d|d|d|d
s|s|s|r_.|d|d|d|d|d|d
s|s|s|r_d|d|d|d|d|d|d|d|r_u
s|s|s|r_d|d|d|d|d|d|d|r_u
s|s|s|r_~|d|d|d|d|d|d|r_.
s|s|s|r_d|d|d|d|d|d|r_u
s|s|s|r_~|d|d|d|d|d|r_.
s|s|s|r_d|d|d|d|d|r_u
s|s|s|r_~|d|d|d|d|r_.
s|s|s|r_d|d|d|d|r_u
s|s|s|r_d|d|d|r_u
s|s|s|r_d|d|r_u
s|s|s|r_+|d|s|r_r|r_a|s
s|s|s|r_d|s|s|s|s|d|d
s|s|s|r_du
s|s|s|r_e|d|s|r_s|r_i
s|s|s|r_e|s|s|s|s|d|d
s|s|s|r_+garren!
s|s|s|r_+garren4
s|s|s|r_+g|s|r_rren4
s|s|s|r_+g|s|s|r_r|r_e|r_n|r_!
s|s|s|r_g|s|s|s|s
s|s|s|r_i
s|s|s|r_i|d
s|s|s|r_i|d|d
s|s|s|r_i|d|d|d
s|s|s|r_i|d|d|d|d
s|s|s|r_i|d|d|d|d|d
s|s|s|r_i|d|d|d|d|d|d
s|s|s|r_i|d|d|d|d|d|d|d
s|s|s|r_i|d|d|d|d|d|d|d|d
s|s|s|r_i|d|d|d|d|d|d|d|d|d
s|s|s|r_i|d|d|d|s
s|s|s|r__iza|r_n
s|s|s|r_j|s|s|r_u|d|d
s|s|s|r_j|s|s|s
s|s|s|r_j|s|s|s|s|s|s
s|s|s|r_j|s|s|s|s|s|s|d
s|s|s|r_k
s|s|s|r_k|d|d
s|s|s|r_k|d|d|d|d
s|s|s|r_n
s|s|s|r_n|d
s|s|s|r_n|d|d
s|s|s|r_n|d|d|d
s|s|s|r_n|d|d|d|d
s|s|s|r_n|d|d|d|d|d
s|s|s|r_n|d|d|d|d|d|d|d
s|s|s|r_N|r_+|r_t|r_e
s|s|s|r_N|s|s|s|d|d|s
s|s|s|r_N|s|s|s|s|d
s|s|s|r_N|s|s|s|s|d|d|d
s|s|s|r_N|s|s|s|s|s|d
s|s|s|r_N|s|s|s|s|s|s|d|d
s|s|s|r_o
s|s|s|r_o|d
s|s|s|r_o|d|d
s|s|s|r_o|d|d|d
s|s|s|r_r|d|d|d|d|d|d|r_i
s|s|s|r_r|d|d|d|r_i
s|s|s|r_r|d|d|r_i
s|s|s|r_R|d|s|s|s|d|d|s
s|s|s|r_R|d|s|s|s|s|d
s|s|s|r_R|d|s|s|s|s|d|d|d
s|s|s|r_R|d|s|s|s|s|d|d|d|d
s|s|s|r_ri
s|s|s|r_R|s|s|d|d
s|s|s|r_R|s|s|d|d|s|r_A
s|s|s|r_R|s|s|s
s|s|s|r_R|s|s|s|d
s|s|s|r_R|s|s|s|d|d
s|s|s|r_R|s|s|s|d|d|d
s|s|s|r_R|s|s|s|d|d|d|d|d
s|s|s|r_R|s|s|s|d|d|d|d|d|d
s|s|s|r_r|s|s|s|d|d|s
s|s|s|r_R|s|s|s|r_A
s|s|s|r_r|s|s|s|s|d|d|d
s|s|s|r_R|s|s|s|s|d|d|d|s
s|s|s|r_R|s|s|s|s|s|d
s|s|s|r_R|s|s|s|s|s|d|d
s|s|s|r_R|s|s|s|s|s|d|d|d
s|s|s|r_R+!|s|s|s|s|s|d|d|d|d
s|s|s|r_R|s|s|s|s|s|d|d|d|d
s|s|s|r_R|s|s|s|s|s|s|d
s|s|s|r_r|s|s|s|s|s|s|s|s|s|d|d|d|d|d|d|d|d
s|s|s|r_s|d|d
s|s|s|r_s|s|s|d
s|s|s|r_t|d|d|d|d|d|d|r_.
s|s|s|r_t|d|d|d|d|d|r_.
s|s|s|r_t|d|d|d|d|r_.
s|s|s|r_t|r_z|r_i
s|s|s|r_t|s|s|r_u|d|d
s|s|s|r_t|s|s|s
s|s|s|r_tu
s|s|s|r_u
s|s|s|r_u|d|d
s|s|s|r_u|d|d|d
s|s|s|r_u|d|d|d|d
s|s|s|r_u|d|d|d|d|d
s|s|s|r_u|d|d|d|d|d|d
s|s|s|r_x|s|d|d
s|s|s|r_x|s|s|s|s
s|s|s|r_x|s|s|s|s|s|d|d|d|d|s
s|s|s|r_z|s|s
s|s|s|r_z|s|s|s|s|d
s|s|s|s
s|s|s|s|d
s|s|s|s|d|d
s|s|s|s|d|d|d
s|s|s|s|d|d|d|d
s|s|s|s|d|d|d|d|d
s|s|s|s|d|d|d|d|d|d
s|s|s|s|d|d|d|d|d|d|d
s|s|s|s|d|d|d|d|d|d|d|d
s|s|s|s|d|d|d|d|d|d|d|d|d
s|s|s|s|d|d|d|d|d|d|d|d|d|d
s|s|s|s|d|d|d|d|d|d|d|d|d|d|d
s|s|s|s|d|d|d|d|d|d|d|s|d
s|s|s|s|d|d|d|d|d|d|s
s|s|s|s|d|d|d|d|d|s
s|s|s|s|d|d|d|d|d|s|d
s|s|s|s|d|d|d|d|d|s|d|d
s|s|s|s|d|d|d|d|s
s|s|s|s|d|d|d|d|s|d
s|s|s|s|d|d|d|d|s|d|d|d
s|s|s|s|d|d|d|d|s|d|d|s|d
s|s|s|s|d|d|d|d|s|r_i|d|d
s|s|s|s|d|d|d|d|s|s
s|s|s|s|d|d|d|s
s|s|s|s|d|d|d|s|d
s|s|s|s|d|d|d|s|d|d|d
s|s|s|s|d|d|d|s|d|d|d|d
s|s|s|s|d|d|d|s|r_n
s|s|s|s|d|d|s
s|s|s|s|d|d|s|d
s|s|s|s|d|d|s|d|d
s|s|s|s|d|d|s|d|d|d
s|s|s|s|d|d|s|d|d|d|d
s|s|s|s|d|d|s|r_s|d|r_i
s|s|s|s|d|d|s|s|d
s|s|s|s|d|s
s|s|s|s|d|s|d
s|s|s|s|d|s|d|s
s|s|s|s|d|s|r_n|d|d|d
s|s|s|s|d|s|r_s|d|d|d|d|s|d
s|s|s|s|d|s|r_s|d|d|s
s|s|s|s|d|s|r_s|d|r_i
s|s|s|s|d|s|r_s|r_i
s|s|s|s|d|s|r_z|d|r_i
s|s|s|s|d|s|r_z|r_i
s|s|s|s|d|s|s
s|s|s|s|d|s|s|d
s|s|s|s|d|s|s|d|d
s|s|s|s|d|s|s|r_a|d
s|s|s|s|d|s|s|s
s|s|s|s|d|s|s|s|d|d|s
s|s|s|s|d|s|s|s|s
s|s|s|s|d|s|s|s|s|d|d
s|s|s|s|d|s|s|s|s|d|d|d|d
s|s|s|s|d|s|s|s|s|s|r_A+|s|s|s
s|s|s|s|i_a|s|s|d
s|s|s|s|i_a|s|s|d|d|d
s|s|s|s|i_a|s|s|d|d|d|d
s|s|s|s|i_a|s|s|s|s|d
s|s|s|s|i__e|s|s
s|s|s|s|i_e|s|s|s|r_i|d|d
s|s|s|s|i_e|s|s|s|s
s|s|s|s|i_e|s|s|s|s|d|d|d|d
s|s|s|s|i_g|s|s
s|s|s|s|i_i|s|s
s|s|s|s|i_+|i_+|s|s|s
s|s|s|s|i_+|i_+|s|s|s|d
s|s|s|s|i_+|i_+|s|s|s|d|d
s|s|s|s|i_+|i_+|s|s|s|d|d|d
s|s|s|s|i_+|i_+|s|s|s|r_a|d
s|s|s|s|i_+|i_+|s|s|s|s
s|s|s|s|i_+|i_+|s|s|s|s|d
s|s|s|s|i_+|i_+|s|s|s|s|d|d
s|s|s|s|i_+|i_+|s|s|s|s|d|d|d
s|s|s|s|i_+|i_+|s|s|s|s|s|d|d|s|d
s|s|s|s|i_+|i_+|s|s|s|s|s|s
s|s|s|s|i_+|i_+|s|s|s|s|s|s|s|d|d
s|s|s|s|i_+|i_+|s|s|s|s|s|s|s|s|d
s|s|s|s|i_+|i_+|s|s|s|s|s|s|s|s|s|s|d|d
s|s|s|s|i_+|i_+|s|s|s|s|s|s|s|s|s|s|d|d|d|d
s|s|s|s|i_N|s
s|s|s|s|i_~+|s
s|s|s|s|i_+|s|s|d|d
s|s|s|s|i__|s|s|d|d|d|d|d|d|s
s|s|s|s|i_+|s|s|d|d|s
s|s|s|s|i__|s|s|d|d|s
s|s|s|s|i__|s|s|s
s|s|s|s|i_+|s|s|s|d
s|s|s|s|i_+|s|s|s|d|d|d|d
s|s|s|s|i__|s|s|s|d|d|d|d
s|s|s|s|i__|s|s|s|r_u|d|d|d
s|s|s|s|i_+!|s|s|s|s
s|s|s|s|i__|s|s|s|s|s
s|s|s|s|i_~+|s|s|s|s|s|r_!
s|s|s|s|i_-|s|s|s|s|s|s|s
s|s|s|s|i_t|s|d|d|d|d|s|s
s|s|s|s|i_t|s|s|s
s|s|s|s|i_t|s|s|s|d
s|s|s|s|i_t|s|s|s|d|d
s|s|s|s|i_t|s|s|s|s|s
s|s|s|s|i_t|s|s|s|s|s|d
s|s|s|s|i_t|s|s|s|s|s|d|d|d|d
s|s|s|s|i_z|r_u
s|s|s|s|r_.
s|s|s|s|r_a
s|s|s|s|r_a|d
s|s|s|s|r_a|d|d
s|s|s|s|r_a|d|d|d
s|s|s|s|r_a|d|d|d|d
s|s|s|s|r__Amerika
s|s|s|s|r_a|r_r|r_a|r_z
s|s|s|s|r_A|r_+|r_!|r_p|r_e
s|s|s|s|r_a|s|r_u|d|d
s|s|s|s|r_A|s|s
s|s|s|s|r_A|s|s|d|d
s|s|s|s|r_A+|s|s|s
s|s|s|s|r_A|s|s|s
s|s|s|s|r_A|s|s|s|d
s|s|s|s|r_A|s|s|s|d|d
s|s|s|s|r_A|s|s|s|d|d|d
s|s|s|s|r_A|s|s|s|s
s|s|s|s|r_A|s|s|s|s|d|d
s|s|s|s|r_a|s|s|s|s|s|i_+!|s|s|s|s|d
s|s|s|s|r__bezain
s|s|s|s|r_b|s|s|i_re+!|s|s
s|s|s|s|r_b|s|s|s|d|d|d
s|s|s|s|r_.|d|d|d|d|d
s|s|s|s|r_~|d|d|d|d|d|d|d|d|d|d|d|r_.
s|s|s|s|r_d|d|d|d|d|d|d|d|r_u
s|s|s|s|r_~|d|d|d|d|d|d|d|r_.
s|s|s|s|r_d|d|d|d|d|d|d|r_u
s|s|s|s|r_~|d|d|d|d|d|d|r_.
s|s|s|s|r_d|d|d|d|d|d|r_u
s|s|s|s|r_~|d|d|d|d|d|r_.
s|s|s|s|r_d|d|d|d|d|r_u
s|s|s|s|r_~|d|d|d|d|r_.
s|s|s|s|r_d|d|d|d|r_u
s|s|s|s|r_d|d|d|r_u
s|s|s|s|r_d|s|s
s|s|s|s|r_du
s|s|s|s|r__emaile
s|s|s|s|r__eskubide
s|s|s|s|r_e|s|s
s|s|s|s|r_e|s|s|r_a|s|s|d
s|s|s|s|r_e|s|s|s|d
s|s|s|s|r__gabe
s|s|s|s|r_+garren!
s|s|s|s|r_+garren4
s|s|s|s|r_+garr|s|r_n|r_!
s|s|s|s|r_g|r_n|s|d|d|d|d|d
s|s|s|s|r_i
s|s|s|s|r_i|d|d
s|s|s|s|r_i|d|d|d
s|s|s|s|r_i|d|d|d|d
s|s|s|s|r_i|d|d|d|d|d
s|s|s|s|r_i|d|d|d|d|d|d
s|s|s|s|r__iza|r_n
s|s|s|s|r_k
s|s|s|s|r_k|d
s|s|s|s|r_k|d|d
s|s|s|s|r_k|d|d|d
s|s|s|s|r_k|d|d|d|d
s|s|s|s|r_k|s
s|s|s|s|r_k|s|s|s|s|s
s|s|s|s|r_l|s|s
s|s|s|s|r_n
s|s|s|s|r_n|d|d
s|s|s|s|r_n|d|d|d
s|s|s|s|r_n|d|d|d|d
s|s|s|s|r_N|s|s|d|d|d|d|s|s
s|s|s|s|r_n|s|s|s
s|s|s|s|r_N+|s|s|s|d|d|s
s|s|s|s|r_N+|s|s|s|s|d
s|s|s|s|r_N|s|s|s|s|d
s|s|s|s|r_N+|s|s|s|s|d|d|d
s|s|s|s|r_N|s|s|s|s|d|d|d
s|s|s|s|r_N|s|s|s|s|d|d|d|d
s|s|s|s|r_N+|s|s|s|s|d|d|d|d|d
s|s|s|s|r_N|s|s|s|s|s|s|d|d
s|s|s|s|r_o|s|s|s|s|d|d
s|s|s|s|r_R|d|d|d|d|d|r_.
s|s|s|s|r_r|d|d|d|r_i
s|s|s|s|r_r|d|d|r_i
s|s|s|s|r_r|d|r_i
s|s|s|s|r_R|d|s|s|s|s|d
s|s|s|s|r_R|d|s|s|s|s|d|d|d
s|s|s|s|r_R|d|s|s|s|s|d|d|d|d|d
s|s|s|s|r_+|r_g|s|i_rre|r_!
s|s|s|s|r_ri
s|s|s|s|r_R+|s|s|d|d|d|d|d
s|s|s|s|r_R+|s|s|s
s|s|s|s|r_R|s|s|s
s|s|s|s|r_R|s|s|s|d
s|s|s|s|r_R|s|s|s|d|d
s|s|s|s|r_R|s|s|s|d|d|d
s|s|s|s|r_R|s|s|s|d|d|d|d
s|s|s|s|r_R|s|s|s|d|d|d|d|d|d
s|s|s|s|r_R|s|s|s|r_A
s|s|s|s|r_R|s|s|s|r_A|d
s|s|s|s|r_R|s|s|s|r_A|d|d|d
s|s|s|s|r_R|s|s|s|r_A|d|d|d|d|d
s|s|s|s|r_R|s|s|s|s
s|s|s|s|r_R|s|s|s|s|d|d|d|d|d|d|s
s|s|s|s|r_R|s|s|s|s|d|d|d|s
s|s|s|s|r_R|s|s|s|s|s|d
s|s|s|s|r_R|s|s|s|s|s|d|d
s|s|s|s|r_R|s|s|s|s|s|d|d|d
s|s|s|s|r_R|s|s|s|s|s|d|d|d|d|d
s|s|s|s|r_R+|s|s|s|s|s|s|r_!
s|s|s|s|r_R|s|s|s|s|s|s|s|s|r_R|s|s|s|d
s|s|s|s|r__Santu
s|s|s|s|r_+|s|r_r|d|r_a|r_z
s|s|s|s|r_+|s|r_r|r_a|r_z
s|s|s|s|r_s|s|r_a|d
s|s|s|s|r_@|s|s|s
s|s|s|s|r_s|s|s
s|s|s|s|r_s|s|s|s|s|s
s|s|s|s|r_s|s|s|s|s|s|d|d
s|s|s|s|r_t|d|d|r_z
s|s|s|s|r_t|d|r_z
s|s|s|s|r_t|r_u
s|s|s|s|r_t|s|d|d
s|s|s|s|r_tu
s|s|s|s|r_u
s|s|s|s|r_u|d
s|s|s|s|r_u|d|d
s|s|s|s|r_u|d|d|d
s|s|s|s|r_u|d|d|d|d
s|s|s|s|r_u|d|d|d|d|d
s|s|s|s|r_u|d|d|d|d|d|d
s|s|s|s|r_u|d|d|d|d|d|d|d
s|s|s|s|r_u|s|s
s|s|s|s|r_x|s
s|s|s|s|r_x|s|s|s
s|s|s|s|r_x|s|s|s|d
s|s|s|s|r_y
s|s|s|s|r_y|d
s|s|s|s|r_y|d|d
s|s|s|s|r_y|d|d|d|d
s|s|s|s|r_z|s|s|d|d|d|d|d|d
s|s|s|s|s
s|s|s|s|s|d
s|s|s|s|s|d|d
s|s|s|s|s|d|d|d
s|s|s|s|s|d|d|d|d
s|s|s|s|s|d|d|d|d|d
s|s|s|s|s|d|d|d|d|d|d
s|s|s|s|s|d|d|d|d|d|d|d
s|s|s|s|s|d|d|d|d|d|d|d|d
s|s|s|s|s|d|d|d|d|d|d|d|d|d
s|s|s|s|s|d|d|d|d|d|d|d|d|d|d
s|s|s|s|s|d|d|d|d|d|d|d|d|d|d|d
s|s|s|s|s|d|d|d|d|d|d|d|d|d|d|d|d
s|s|s|s|s|d|d|d|d|d|d|d|s
s|s|s|s|s|d|d|d|d|d|d|d|s|d
s|s|s|s|s|d|d|d|d|d|d|s
s|s|s|s|s|d|d|d|d|d|s
s|s|s|s|s|d|d|d|d|d|s|d
s|s|s|s|s|d|d|d|d|d|s|d|d
s|s|s|s|s|d|d|d|d|s
s|s|s|s|s|d|d|d|d|s|d
s|s|s|s|s|d|d|d|d|s|d|d
s|s|s|s|s|d|d|d|s
s|s|s|s|s|d|d|d|s|d
s|s|s|s|s|d|d|s
s|s|s|s|s|d|d|s|d
s|s|s|s|s|d|d|s|d|d
s|s|s|s|s|d|d|s|d|d|d
s|s|s|s|s|d|d|s|d|d|d|d
s|s|s|s|s|d|d|s|r_k
s|s|s|s|s|d|d|s|r_k|d
s|s|s|s|s|d|d|s|r_u
s|s|s|s|s|d|d|s|r_u|d
s|s|s|s|s|d|d|s|s|d
s|s|s|s|s|d|d|s|s|s|s|d|d|d
s|s|s|s|s|d|s
s|s|s|s|s|d|s|d
s|s|s|s|s|d|s|d|d
s|s|s|s|s|d|s|d|d|d
s|s|s|s|s|d|s|r_r|d|d|s|r_z|d
s|s|s|s|s|d|s|r_r|d|d|s|r_z|d|d
s|s|s|s|s|d|s|r_s|d
s|s|s|s|s|d|s|r_s|d|d|d|r_i
s|s|s|s|s|d|s|r_s|d|d|s|d|d
s|s|s|s|s|d|s|r_s|d|r_i
s|s|s|s|s|d|s|r_s|r_i
s|s|s|s|s|d|s|r_u|d|d
s|s|s|s|s|d|s|r_z|d|r_i
s|s|s|s|s|d|s|r_z|r_i
s|s|s|s|s|d|s|s|r_a
s|s|s|s|s|d|s|s|s|s
s|s|s|s|s|d|s|s|s|s|s
s|s|s|s|s|i__a|s|s
s|s|s|s|s|i_+a|s|s|d
s|s|s|s|s|i_a|s|s|d
s|s|s|s|s|i_a|s|s|d|d|d
s|s|s|s|s|i_a|s|s|d|d|d|d
s|s|s|s|s|i__ba
s|s|s|s|s|i_e|s|s
s|s|s|s|s|i_+|i_+|s|s|s
s|s|s|s|s|i_+|i_+|s|s|s|d|d
s|s|s|s|s|i_+|i_+|s|s|s|d|d|s
s|s|s|s|s|i_+|i_+|s|s|s|r_a|d
s|s|s|s|s|i_+|i_+|s|s|s|r_u|d|d
s|s|s|s|s|i_+|i_+|s|s|s|s
s|s|s|s|s|i_+|i_+|s|s|s|s|d|d
s|s|s|s|s|i_+|i_+|s|s|s|s|s|d
s|s|s|s|s|i_+|i_+|s|s|s|s|s|d|d|d
s|s|s|s|s|i_+|i_+|s|s|s|s|s|d|d|d|d
s|s|s|s|s|i_+|i_+|s|s|s|s|s|d|d|d|d|s
s|s|s|s|s|i_+|i_+|s|s|s|s|s|s|i_+|i_+|s|s|s|r_a|d
s|s|s|s|s|i_+|i_+|s|s|s|s|s|s|s|d|d
s|s|s|s|s|i_+|i_+|s|s|s|s|s|s|s|d|d|d|d|d|d|d
s|s|s|s|s|i_+|i_+|s|s|s|s|s|s|s|s|d|d
s|s|s|s|s|i_N|s
s|s|s|s|s|i_N|s|d
s|s|s|s|s|i_N|s|d|d
s|s|s|s|s|i_N|s|d|d|d|d|d|d
s|s|s|s|s|i_+!|s
s|s|s|s|s|i_+|s|d|d|d
s|s|s|s|s|i_+|s|d|d|d|d
s|s|s|s|s|i_+|s|d|d|d|d|d|d|d|d
s|s|s|s|s|i_s|r_u
s|s|s|s|s|i_+|s|s
s|s|s|s|s|i_+!|s|s|d
s|s|s|s|s|i_+|s|s|d
s|s|s|s|s|i_+!|s|s|d|d
s|s|s|s|s|i_+|s|s|d|d
s|s|s|s|s|i_-|s|s|d|d
s|s|s|s|s|i_+|s|s|d|d|d|d|d|d
s|s|s|s|s|i_+|s|s|i_+|i_+|s|s|d|d
s|s|s|s|s|i__|s|s|s
s|s|s|s|s|i_+|s|s|s|d
s|s|s|s|s|i__|s|s|s|d|d
s|s|s|s|s|i_+|s|s|s|d|d|d
s|s|s|s|s|i__|s|s|s|d|d|d
s|s|s|s|s|i_-|s|s|s|s
s|s|s|s|s|i_+!|s|s|s|s|d
s|s|s|s|s|i_-|s|s|s|s|s|d|d
s|s|s|s|s|i_s|s|s|s|s|d|d
s|s|s|s|s|i_-|s|s|s|s|s|d|d|d|d|d|d
s|s|s|s|s|i__|s|s|s|s|s|s|d
s|s|s|s|s|i__|s|s|s|s|s|s|d|d|d|d
s|s|s|s|s|i_-|s|s|s|s|s|s|s|s|d|d
s|s|s|s|s|i__|s|s|s|s|s|s|s|s|s
s|s|s|s|s|i_t|s
s|s|s|s|s|i_t|s|d|d
s|s|s|s|s|i_t|s|s
s|s|s|s|s|i_t|s|s|d|d|d|d|d|d
s|s|s|s|s|i_t|s|s|s|d
s|s|s|s|s|i_t|s|s|s|d|d
s|s|s|s|s|i_t|s|s|s|s|d|d|d|d|d|d|s
s|s|s|s|s|i_t|s|s|s|s|d|d|d|s
s|s|s|s|s|i_t|s|s|s|s|s|d
s|s|s|s|s|i_t|s|s|s|s|s|d|d
s|s|s|s|s|i_z|r_u
s|s|s|s|s|r_a
s|s|s|s|s|r_a|d
s|s|s|s|s|r_a|d|d
s|s|s|s|s|r_a|d|d|d
s|s|s|s|s|r_a|d|d|d|d|d
s|s|s|s|s|r_ak
s|s|s|s|s|r_ara|r_z
s|s|s|s|s|r_a|s|s|d
s|s|s|s|s|r_A|s|s|d|d
s|s|s|s|s|r_A|s|s|d|d|d
s|s|s|s|s|r_A+|s|s|s
s|s|s|s|s|r_A|s|s|s
s|s|s|s|s|r_A|s|s|s|d
s|s|s|s|s|r_A|s|s|s|d|d
s|s|s|s|s|r_A|s|s|s|d|d|d
s|s|s|s|s|r_A|s|s|s|r_R
s|s|s|s|s|r_A|s|s|s|s|d|d
s|s|s|s|s|r_A|s|s|s|s|s|d
s|s|s|s|s|r_A|s|s|s|s|s|d|d|d|d
s|s|s|s|s|r_.|d|d|d|d|d
s|s|s|s|s|r_d|d|d|d|d|d|d|d|r_u
s|s|s|s|s|r_d|d|d|d|d|d|d|r_u
s|s|s|s|s|r_d|d|d|d|d|d|r_u
s|s|s|s|s|r_d|d|d|d|d|r_u
s|s|s|s|s|r_d|d|d|d|r_u
s|s|s|s|s|r_d|d|d|r_u
s|s|s|s|s|r_d|d|r_u
s|s|s|s|s|r_+|d|s|d|d|d|s|s|r_z|d|d
s|s|s|s|s|r_du
s|s|s|s|s|r_e
s|s|s|s|s|r_+garren!
s|s|s|s|s|r_+garren4
s|s|s|s|s|r_i
s|s|s|s|s|r_i|d
s|s|s|s|s|r_i|d|d
s|s|s|s|s|r_i|d|d|d
s|s|s|s|s|r_i|d|d|d|d
s|s|s|s|s|r_i|d|d|d|d|d|d|d
s|s|s|s|s|r__iza|r_n
s|s|s|s|s|r_k
s|s|s|s|s|r_k|d
s|s|s|s|s|r_k|d|d
s|s|s|s|s|r_k|d|d|d
s|s|s|s|s|r_k|d|d|d|d
s|s|s|s|s|r_k|d|d|d|d|d
s|s|s|s|s|r_k|d|d|d|d|d|d
s|s|s|s|s|r_l|s|r_t|s|s|s
s|s|s|s|s|r_n
s|s|s|s|s|r_n|d|d
s|s|s|s|s|r_n|d|d|d
s|s|s|s|s|r_n|d|d|d|d|d|d|d
s|s|s|s|s|r_N|s|s|s|s|d|d|d
s|s|s|s|s|r_o
s|s|s|s|s|r_o|s|r_t|r_a|r_r|r_i
s|s|s|s|s|r_p|s|s|s|s
s|s|s|s|s|r_R|d|d|d|d
s|s|s|s|s|r_r|d|d|r_i
s|s|s|s|s|r_R|s|s
s|s|s|s|s|r_R|s|s|s
s|s|s|s|s|r_R|s|s|s|d|d
s|s|s|s|s|r_R|s|s|s|s|d|d|d|s
s|s|s|s|s|r_R|s|s|s|s|s|d
s|s|s|s|s|r_R|s|s|s|s|s|d|d|d
s|s|s|s|s|r_R|s|s|s|s|s|s
s|s|s|s|s|r_R|s|s|s|s|s|s|d|d
s|s|s|s|s|r_R|s|s|s|s|s|s|d|d|d|d
s|s|s|s|s|r_+!|s|s|s|d
s|s|s|s|s|r__|s|s|s|s|s
s|s|s|s|s|r_t|d|d|d|r_s|r_+|r_!|r_l|r_e
s|s|s|s|s|r_t|d|r_z
s|s|s|s|s|r_t|r_s|s
s|s|s|s|s|r_t|r_u
s|s|s|s|s|r_tu
s|s|s|s|s|r_u
s|s|s|s|s|r_u|d
s|s|s|s|s|r_u|d|d
s|s|s|s|s|r_u|d|d|d
s|s|s|s|s|r_u|d|d|d|d
s|s|s|s|s|r_u|d|d|d|d|d
s|s|s|s|s|r_u|d|d|d|d|d|d
s|s|s|s|s|r_u|d|d|d|d|d|d|d
s|s|s|s|s|r_x|s
s|s|s|s|s|r_zi
s|s|s|s|s|r_z|s|s|s|s|d
s|s|s|s|s|s
s|s|s|s|s|s|d
s|s|s|s|s|s|d|d
s|s|s|s|s|s|d|d|d
s|s|s|s|s|s|d|d|d|d
s|s|s|s|s|s|d|d|d|d|d
s|s|s|s|s|s|d|d|d|d|d|d
s|s|s|s|s|s|d|d|d|d|d|d|d
s|s|s|s|s|s|d|d|d|d|d|d|d|d
s|s|s|s|s|s|d|d|d|d|d|d|d|d|d
s|s|s|s|s|s|d|d|d|d|d|d|d|d|d|d
s|s|s|s|s|s|d|d|d|d|d|d|d|s|d
s|s|s|s|s|s|d|d|d|d|d|d|s
s|s|s|s|s|s|d|d|d|d|d|d|s|d
s|s|s|s|s|s|d|d|d|d|d|s
s|s|s|s|s|s|d|d|d|d|s
s|s|s|s|s|s|d|d|d|d|s|d
s|s|s|s|s|s|d|d|d|d|s|d|d
s|s|s|s|s|s|d|d|d|d|s|r_i|d
s|s|s|s|s|s|d|d|d|d|s|s
s|s|s|s|s|s|d|d|d|s|d
s|s|s|s|s|s|d|d|d|s|d|d|d
s|s|s|s|s|s|d|d|d|s|d|d|d|d
s|s|s|s|s|s|d|d|d|s|r_i
s|s|s|s|s|s|d|d|d|s|r_i|d|d
s|s|s|s|s|s|d|d|d|s|s|d
s|s|s|s|s|s|d|d|s
s|s|s|s|s|s|d|d|s|d
s|s|s|s|s|s|d|d|s|d|d
s|s|s|s|s|s|d|d|s|d|d|d
s|s|s|s|s|s|d|d|s|d|d|d|d
s|s|s|s|s|s|d|d|s|d|d|d|d|d
s|s|s|s|s|s|d|d|s|d|d|s
s|s|s|s|s|s|d|d|s|r_k
s|s|s|s|s|s|d|d|s|r_k|d
s|s|s|s|s|s|d|d|s|r_u
s|s|s|s|s|s|d|d|s|s|d
s|s|s|s|s|s|d|s
s|s|s|s|s|s|d|s|d
s|s|s|s|s|s|d|s|r_e|d
s|s|s|s|s|s|d|s|r_n|d|d|d
s|s|s|s|s|s|d|s|r_r|d|d|s|r_z
s|s|s|s|s|s|d|s|r_r|r_a|s
s|s|s|s|s|s|d|s|r_s|d|r_i
s|s|s|s|s|s|d|s|r_s|r_i
s|s|s|s|s|s|d|s|s
s|s|s|s|s|s|d|s|s|d|d
s|s|s|s|s|s|d|s|s|s|s
s|s|s|s|s|s|i_a
s|s|s|s|s|s|i_a|s|d|d|d
s|s|s|s|s|s|i_a|s|s
s|s|s|s|s|s|i_+a|s|s|d
s|s|s|s|s|s|i_a|s|s|d
s|s|s|s|s|s|i_a|s|s|d|d|d
s|s|s|s|s|s|i_a|s|s|d|d|d|d
s|s|s|s|s|s|i_e|s|s|s
s|s|s|s|s|s|i_+|i_+|s|s|s
s|s|s|s|s|s|i_+|i_+|s|s|s|s
s|s|s|s|s|s|i_+|i_+|s|s|s|s|d
s|s|s|s|s|s|i_+|i_+|s|s|s|s|d|d
s|s|s|s|s|s|i_+|i_+|s|s|s|s|s|d
s|s|s|s|s|s|i_+|i_+|s|s|s|s|s|d|d
s|s|s|s|s|s|i_+|i_+|s|s|s|s|s|d|d|d|d|d|d
s|s|s|s|s|s|i_+|i_+|s|s|s|s|s|s|d
s|s|s|s|s|s|i_+|i_+|s|s|s|s|s|s|d|d
s|s|s|s|s|s|i_+|i_+|s|s|s|s|s|s|d|d|d|d
s|s|s|s|s|s|i_+|i_+|s|s|s|s|s|s|s
s|s|s|s|s|s|i_+|i_+|s|s|s|s|s|s|s|s
s|s|s|s|s|s|i_l
s|s|s|s|s|s|i_l|s|s|s
s|s|s|s|s|s|i_+!|s|s
s|s|s|s|s|s|i_+!|s|s|d|d
s|s|s|s|s|s|i_+|s|s|d|d|d|d|d|d
s|s|s|s|s|s|i_t|s|d
s|s|s|s|s|s|i_t|s|d|d
s|s|s|s|s|s|i_t|s|s|d
s|s|s|s|s|s|i_t|s|s|s|d
s|s|s|s|s|s|i_t|s|s|s|d|d|d|d
s|s|s|s|s|s|i_t|s|s|s|s|s|d
s|s|s|s|s|s|i_u|s
s|s|s|s|s|s|r_a
s|s|s|s|s|s|r_a|d
s|s|s|s|s|s|r_a|d|d
s|s|s|s|s|s|r_a|d|d|d
s|s|s|s|s|s|r_a|d|d|d|d
s|s|s|s|s|s|r_A|d|d|d|d|d|d|d|r_.
s|s|s|s|s|s|r_ak
s|s|s|s|s|s|r_ara|r_z
s|s|s|s|s|s|r_a|r_k
s|s|s|s|s|s|r_a|r_r|r_a|r_z
s|s|s|s|s|s|r_A|s|s
s|s|s|s|s|s|r_A|s|s|d|d
s|s|s|s|s|s|r_A|s|s|s
s|s|s|s|s|s|r_A|s|s|s|d
s|s|s|s|s|s|r_A+!|s|s|s|d|d
s|s|s|s|s|s|r_A|s|s|s|d|d
s|s|s|s|s|s|r_A|s|s|s|d|d|d|d
s|s|s|s|s|s|r_A|s|s|s|s
s|s|s|s|s|s|r_A|s|s|s|s|d
s|s|s|s|s|s|r_A|s|s|s|s|d|d|d|d
s|s|s|s|s|s|r_a|s|s|s|s|s|s|s|s|s|s|s|s|s
s|s|s|s|s|s|r_.|d|d|d|d|d
s|s|s|s|s|s|r_d|d|d|d|d|d|d|d|r_u
s|s|s|s|s|s|r_d|d|d|d|d|d|r_u
s|s|s|s|s|s|r_d|d|d|d|r_u
s|s|s|s|s|s|r_d|d|d|r_u
s|s|s|s|s|s|r_d|d|r_u
s|s|s|s|s|s|r_du
s|s|s|s|s|s|r_e|s|s|d
s|s|s|s|s|s|r_+garren4
s|s|s|s|s|s|r_g|s|s
s|s|s|s|s|s|r_g|s|s|i_+!|s|s|d|d|d
s|s|s|s|s|s|r__Herria
s|s|s|s|s|s|r_i
s|s|s|s|s|s|r_i|d|d
s|s|s|s|s|s|r_i|d|d|d
s|s|s|s|s|s|r_i|d|d|d|d
s|s|s|s|s|s|r_i|d|d|d|d|d|d
s|s|s|s|s|s|r_i|d|d|d|d|d|d|d
s|s|s|s|s|s|r__i|r_z|r_a|r_n
s|s|s|s|s|s|r_it|r_z|r_a|r_i|r_l|r_e
s|s|s|s|s|s|r__izan
s|s|s|s|s|s|r__iza|r_n
s|s|s|s|s|s|r__iz|s|r_n
s|s|s|s|s|s|r_k
s|s|s|s|s|s|r_k|d
s|s|s|s|s|s|r_k|d|d
s|s|s|s|s|s|r_k|d|d|d
s|s|s|s|s|s|r_k|d|d|d|d
s|s|s|s|s|s|r_k|s|s|s
s|s|s|s|s|s|r_n|d|d
s|s|s|s|s|s|r_n|d|d|d
s|s|s|s|s|s|r_n|r_i|s|s|d|d
s|s|s|s|s|s|r_o
s|s|s|s|s|s|r_o|d
s|s|s|s|s|s|r_o-o|s|s|s|s
s|s|s|s|s|s|r_r|d|d|d|r_i
s|s|s|s|s|s|r_r|d|d|d|s|d
s|s|s|s|s|s|r_r|d|d|r_i
s|s|s|s|s|s|r_r|d|r_i
s|s|s|s|s|s|r_R|d|s|s|s|s|d|d|d
s|s|s|s|s|s|r_R|d|s|s|s|s|d|d|d|d|d
s|s|s|s|s|s|r_ri
s|s|s|s|s|s|r_+|r_!|r_p|r_e
s|s|s|s|s|s|r_R|r_+|s|s|s|s|d|d|d
s|s|s|s|s|s|r_R|s|s
s|s|s|s|s|s|r_R|s|s|s|d|d|d
s|s|s|s|s|s|r_R|s|s|s|s|d|d|d|d|s
s|s|s|s|s|s|r_R|s|s|s|s|s|d
s|s|s|s|s|s|r_R|s|s|s|s|s|d|d
s|s|s|s|s|s|r_R|s|s|s|s|s|d|d|d
s|s|s|s|s|s|r_+|s|r_r|d|r_a|r_z
s|s|s|s|s|s|r_t|d|d|d|r_z
s|s|s|s|s|s|r_t|r_u
s|s|s|s|s|s|r_t|s|s|d|d
s|s|s|s|s|s|r_tu
s|s|s|s|s|s|r_u
s|s|s|s|s|s|r_u|d
s|s|s|s|s|s|r_u|d|d
s|s|s|s|s|s|r_u|d|d|d
s|s|s|s|s|s|r_u|d|d|d|d
s|s|s|s|s|s|r_u|d|d|d|d|d
s|s|s|s|s|s|r_u|d|d|d|d|d|d
s|s|s|s|s|s|r_u|d|d|d|d|d|d|d
s|s|s|s|s|s|r_u|d|d|d|d|d|d|d|d
s|s|s|s|s|s|r_z|s|s|s
s|s|s|s|s|s|s
s|s|s|s|s|s|s|d
s|s|s|s|s|s|s|d|d
s|s|s|s|s|s|s|d|d|d
s|s|s|s|s|s|s|d|d|d|d
s|s|s|s|s|s|s|d|d|d|d|d
s|s|s|s|s|s|s|d|d|d|d|d|d
s|s|s|s|s|s|s|d|d|d|d|d|d|d
s|s|s|s|s|s|s|d|d|d|d|d|d|d|d
s|s|s|s|s|s|s|d|d|d|d|d|d|d|d|d
s|s|s|s|s|s|s|d|d|d|d|d|d|d|d|d|d
s|s|s|s|s|s|s|d|d|d|d|d|s
s|s|s|s|s|s|s|d|d|d|d|s
s|s|s|s|s|s|s|d|d|d|s
s|s|s|s|s|s|s|d|d|d|s|d
s|s|s|s|s|s|s|d|d|d|s|d|d|d|d
s|s|s|s|s|s|s|d|d|s
s|s|s|s|s|s|s|d|d|s|d
s|s|s|s|s|s|s|d|d|s|d|d
s|s|s|s|s|s|s|d|d|s|d|d|d
s|s|s|s|s|s|s|d|d|s|d|d|d|d
s|s|s|s|s|s|s|d|d|s|r_k
s|s|s|s|s|s|s|d|d|s|r_u
s|s|s|s|s|s|s|d|d|s|r_u|d
s|s|s|s|s|s|s|d|d|s|s|d
s|s|s|s|s|s|s|d|d|s|s|d|d|d|d|d|d
s|s|s|s|s|s|s|d|s
s|s|s|s|s|s|s|d|s|d|d|d
s|s|s|s|s|s|s|d|s|r_k|d
s|s|s|s|s|s|s|d|s|r_r|d|d|s|r_z|d
s|s|s|s|s|s|s|d|s|r_r|r_a|s
s|s|s|s|s|s|s|d|s|r_z|d|d|s
s|s|s|s|s|s|s|d|s|r_z|d|r_i
s|s|s|s|s|s|s|d|s|r_z|r_i
s|s|s|s|s|s|s|d|s|s
s|s|s|s|s|s|s|d|s|s|d|d|d|d|d
s|s|s|s|s|s|s|d|s|s|s|s
s|s|s|s|s|s|s|i_ara
s|s|s|s|s|s|s|i_a|s|s|d
s|s|s|s|s|s|s|i_a|s|s|d|d|d
s|s|s|s|s|s|s|i_a|s|s|s|d|d
s|s|s|s|s|s|s|i_A+!|s|s|s|d|d|d|d|d|d
s|s|s|s|s|s|s|i_+|i_+|s|s|s
s|s|s|s|s|s|s|i_+|i_+|s|s|s|d|d
s|s|s|s|s|s|s|i_+|i_+|s|s|s|r_a|d
s|s|s|s|s|s|s|i_+|i_+|s|s|s|s|d
s|s|s|s|s|s|s|i_+|i_+|s|s|s|s|d|d
s|s|s|s|s|s|s|i_+|i_+|s|s|s|s|s
s|s|s|s|s|s|s|i_+|i_+|s|s|s|s|s|d|d
s|s|s|s|s|s|s|i_+|i_+|s|s|s|s|s|s|d|d|d
s|s|s|s|s|s|s|i_+|i_+|s|s|s|s|s|s|s|d
s|s|s|s|s|s|s|i_+|i_+|s|s|s|s|s|s|s|s
s|s|s|s|s|s|s|i_+|i_+|s|s|s|s|s|s|s|s|s|s|s|s
s|s|s|s|s|s|s|i_k|s
s|s|s|s|s|s|s|i_N|s
s|s|s|s|s|s|s|i_N|s|d|d
s|s|s|s|s|s|s|i_N|s|d|d|d|s
s|s|s|s|s|s|s|i_N|s|s
s|s|s|s|s|s|s|i_N+!|s|s|d
s|s|s|s|s|s|s|i_N|s|s|d
s|s|s|s|s|s|s|i_N|s|s|d|d|d|d|d
s|s|s|s|s|s|s|i_+!|s
s|s|s|s|s|s|s|i_s|s
s|s|s|s|s|s|s|i_+|s|s|d
s|s|s|s|s|s|s|i_+|s|s|r_R|d|d|d|d|d|d|d
s|s|s|s|s|s|s|i__|s|s|s
s|s|s|s|s|s|s|i_-|s|s|s|d|d|d
s|s|s|s|s|s|s|i__|s|s|s|r_u|d|d
s|s|s|s|s|s|s|i_+!|s|s|s|s
s|s|s|s|s|s|s|i_+|s|s|s|s|s|r_!
s|s|s|s|s|s|s|i_t+|s|s|s|s|s|r_!
s|s|s|s|s|s|s|r_a
s|s|s|s|s|s|s|r_a|d
s|s|s|s|s|s|s|r_a|d|d|d
s|s|s|s|s|s|s|r_a|d|d|d|d
s|s|s|s|s|s|s|r_ak
s|s|s|s|s|s|s|r_ara|r_z
s|s|s|s|s|s|s|r_a|r_k
s|s|s|s|s|s|s|r_ar|r_a|s
s|s|s|s|s|s|s|r_a|r_r|r_a|r_z
s|s|s|s|s|s|s|r_A|s|s
s|s|s|s|s|s|s|r_A|s|s|d|d
s|s|s|s|s|s|s|r_A|s|s|d|d|d
s|s|s|s|s|s|s|r_A|s|s|s|d|d
s|s|s|s|s|s|s|r_A|s|s|s|s|d|d
s|s|s|s|s|s|s|r_d|d|d|d|r_u
s|s|s|s|s|s|s|r_d|d|d|r_u
s|s|s|s|s|s|s|r_du
s|s|s|s|s|s|s|r__Gorria
s|s|s|s|s|s|s|r_i
s|s|s|s|s|s|s|r_i|d|d
s|s|s|s|s|s|s|r_i|d|d|d
s|s|s|s|s|s|s|r_i|d|d|d|d|d|r_s|r_o
s|s|s|s|s|s|s|r_i|d|d|d|r_s|s
s|s|s|s|s|s|s|r_i|d|r_s|r_o
s|s|s|s|s|s|s|r_k
s|s|s|s|s|s|s|r_k|d|d|d
s|s|s|s|s|s|s|r_N|d
s|s|s|s|s|s|s|r_n|d|d
s|s|s|s|s|s|s|r_n|d|d|d
s|s|s|s|s|s|s|r_n|d|d|d|d
s|s|s|s|s|s|s|r_n|d|d|d|d|d|d|d
s|s|s|s|s|s|s|r_R|d|d|d
s|s|s|s|s|s|s|r_r|d|d|r_i
s|s|s|s|s|s|s|r_R|s|s|s|s|d|d|d|s
s|s|s|s|s|s|s|r_R|s|s|s|s|s|d
s|s|s|s|s|s|s|r_R|s|s|s|s|s|d|d
s|s|s|s|s|s|s|r_s|s|d|d|s|r_u
s|s|s|s|s|s|s|r_s|s|s|d|d|d
s|s|s|s|s|s|s|r_t|d|r_z
s|s|s|s|s|s|s|r_tu
s|s|s|s|s|s|s|r_u
s|s|s|s|s|s|s|r_u|d
s|s|s|s|s|s|s|r_u|d|d
s|s|s|s|s|s|s|r_u|d|d|d
s|s|s|s|s|s|s|r_u|d|d|d|d
s|s|s|s|s|s|s|r_u|d|d|d|d|d
s|s|s|s|s|s|s|r_u|d|d|d|d|d|d
s|s|s|s|s|s|s|r_u|d|d|d|d|d|d|d
s|s|s|s|s|s|s|r_z
s|s|s|s|s|s|s|r_z|s|s
s|s|s|s|s|s|s|s
s|s|s|s|s|s|s|s|d
s|s|s|s|s|s|s|s|d|d
s|s|s|s|s|s|s|s|d|d|d
s|s|s|s|s|s|s|s|d|d|d|d
s|s|s|s|s|s|s|s|d|d|d|d|d
s|s|s|s|s|s|s|s|d|d|d|d|d|d
s|s|s|s|s|s|s|s|d|d|d|d|d|d|d
s|s|s|s|s|s|s|s|d|d|d|d|d|d|d|d
s|s|s|s|s|s|s|s|d|d|d|d|d|d|d|d|d
s|s|s|s|s|s|s|s|d|d|d|d|d|d|d|d|d|d
s|s|s|s|s|s|s|s|d|d|d|d|d|d|d|d|d|d|d
s|s|s|s|s|s|s|s|d|d|d|d|s
s|s|s|s|s|s|s|s|d|d|s
s|s|s|s|s|s|s|s|d|d|s|d
s|s|s|s|s|s|s|s|d|d|s|d|d
s|s|s|s|s|s|s|s|d|d|s|d|d|d
s|s|s|s|s|s|s|s|d|s
s|s|s|s|s|s|s|s|d|s|s|s
s|s|s|s|s|s|s|s|d|s|s|s|s|s
s|s|s|s|s|s|s|s|i_+a|s|s|d
s|s|s|s|s|s|s|s|i_a|s|s|d|d|d
s|s|s|s|s|s|s|s|i_+|i_+|s|s|s|d|d|d|d
s|s|s|s|s|s|s|s|i_+|i_+|s|s|s|r_a|d
s|s|s|s|s|s|s|s|i_+|i_+|s|s|s|s
s|s|s|s|s|s|s|s|i_+|i_+|s|s|s|s|d
s|s|s|s|s|s|s|s|i_+|i_+|s|s|s|s|d|d
s|s|s|s|s|s|s|s|i_+|i_+|s|s|s|s|d|d|d
s|s|s|s|s|s|s|s|i_+|i_+|s|s|s|s|d|d|s
s|s|s|s|s|s|s|s|i_+|i_+|s|s|s|s|s
s|s|s|s|s|s|s|s|i_+|i_+|s|s|s|s|s|s|d
s|s|s|s|s|s|s|s|i_+|i_+|s|s|s|s|s|s|d|d|d|d|s|s
s|s|s|s|s|s|s|s|i_+|i_+|s|s|s|s|s|s|s|s
s|s|s|s|s|s|s|s|i_+|i_+|s|s|s|s|s|s|s|s|s|s|s|d|d|d
s|s|s|s|s|s|s|s|i_+|i_+|s|s|s|s|s|s|s|s|s|s|s|i_+|i_+|s|s|s|r_a|d
s|s|s|s|s|s|s|s|i_+!|s|s|d
s|s|s|s|s|s|s|s|i_+!|s|s|d|d
s|s|s|s|s|s|s|s|i_+|s|s|d|d
s|s|s|s|s|s|s|s|i__|s|s|s
s|s|s|s|s|s|s|s|i_+!|s|s|s|s|d|d
s|s|s|s|s|s|s|s|i_+|s|s|s|s|s|r_!
s|s|s|s|s|s|s|s|i_t|s|s|s|s|s|d|d
s|s|s|s|s|s|s|s|r_a
s|s|s|s|s|s|s|s|r_A
s|s|s|s|s|s|s|s|r_a|d
s|s|s|s|s|s|s|s|r_A|d
s|s|s|s|s|s|s|s|r_a|d|d
s|s|s|s|s|s|s|s|r_a|d|d|d
s|s|s|s|s|s|s|s|r_A|r_+|r_!|r_p|r_e
s|s|s|s|s|s|s|s|r_A|s|s|d|d
s|s|s|s|s|s|s|s|r_A|s|s|s|d|d|d
s|s|s|s|s|s|s|s|r_A|s|s|s|d|d|d|d
s|s|s|s|s|s|s|s|r_A|s|s|s|s|s|d
s|s|s|s|s|s|s|s|r_d|d|d|d|d|r_u
s|s|s|s|s|s|s|s|r_d|d|d|d|r_u
s|s|s|s|s|s|s|s|r_d|d|d|r_u
s|s|s|s|s|s|s|s|r_d|s|d|d
s|s|s|s|s|s|s|s|r_du
s|s|s|s|s|s|s|s|r_i
s|s|s|s|s|s|s|s|r_i|d|d
s|s|s|s|s|s|s|s|r_k|d|d|d
s|s|s|s|s|s|s|s|r_R|d|d|d|d
s|s|s|s|s|s|s|s|r_R|s|d|d|d|d|s|s
s|s|s|s|s|s|s|s|r_R|s|s|s
s|s|s|s|s|s|s|s|r_R|s|s|s|d
s|s|s|s|s|s|s|s|r_R|s|s|s|d|d
s|s|s|s|s|s|s|s|r_R|s|s|s|s|s|d
s|s|s|s|s|s|s|s|r_R|s|s|s|s|s|s
s|s|s|s|s|s|s|s|r_t|d
s|s|s|s|s|s|s|s|r_tu
s|s|s|s|s|s|s|s|r_u
s|s|s|s|s|s|s|s|r_u|d
s|s|s|s|s|s|s|s|r_u|d|d
s|s|s|s|s|s|s|s|r_u|d|d|d
s|s|s|s|s|s|s|s|r_u|d|d|d|d
s|s|s|s|s|s|s|s|r_u|d|d|d|d|d
s|s|s|s|s|s|s|s|r_u|d|d|d|d|d|d
s|s|s|s|s|s|s|s|r_u|d|d|d|d|d|d|d
s|s|s|s|s|s|s|s|s
s|s|s|s|s|s|s|s|s|d
s|s|s|s|s|s|s|s|s|d|d
s|s|s|s|s|s|s|s|s|d|d|d
s|s|s|s|s|s|s|s|s|d|d|d|d
s|s|s|s|s|s|s|s|s|d|d|d|d|d
s|s|s|s|s|s|s|s|s|d|d|d|d|d|d
s|s|s|s|s|s|s|s|s|d|d|d|d|d|d|d
s|s|s|s|s|s|s|s|s|d|d|d|d|d|d|d|d
s|s|s|s|s|s|s|s|s|d|d|d|d|d|d|d|d|d
s|s|s|s|s|s|s|s|s|d|d|d|d|d|d|d|d|d|d
s|s|s|s|s|s|s|s|s|d|d|d|d|d|s
s|s|s|s|s|s|s|s|s|d|d|d|d|s
s|s|s|s|s|s|s|s|s|d|d|d|d|s|d
s|s|s|s|s|s|s|s|s|d|d|d|s|d
s|s|s|s|s|s|s|s|s|d|d|d|s|d|d|d
s|s|s|s|s|s|s|s|s|d|d|d|s|d|d|d|d
s|s|s|s|s|s|s|s|s|d|d|s
s|s|s|s|s|s|s|s|s|d|d|s|d
s|s|s|s|s|s|s|s|s|d|d|s|d|d
s|s|s|s|s|s|s|s|s|d|d|s|d|d|d
s|s|s|s|s|s|s|s|s|d|d|s|r_k
s|s|s|s|s|s|s|s|s|d|s
s|s|s|s|s|s|s|s|s|d|s|d|d
s|s|s|s|s|s|s|s|s|d|s|s
s|s|s|s|s|s|s|s|s|d|s|s|d|d
s|s|s|s|s|s|s|s|s|d|s|s|s|s|s|s
s|s|s|s|s|s|s|s|s|i_i|s|d|d
s|s|s|s|s|s|s|s|s|i_+|i_+|s|s|s|d|d|d|d|d
s|s|s|s|s|s|s|s|s|i_+|i_+|s|s|s|s
s|s|s|s|s|s|s|s|s|i_+|i_+|s|s|s|s|d|d|d
s|s|s|s|s|s|s|s|s|i_+|i_+|s|s|s|s|s|s|d
s|s|s|s|s|s|s|s|s|i_+|i_+|s|s|s|s|s|s|d|d|d
s|s|s|s|s|s|s|s|s|i_+|i_+|s|s|s|s|s|s|s|d|d
s|s|s|s|s|s|s|s|s|i_+|i_+|s|s|s|s|s|s|s|s
s|s|s|s|s|s|s|s|s|i_+|i_+|s|s|s|s|s|s|s|s|d|d
s|s|s|s|s|s|s|s|s|i_+|s
s|s|s|s|s|s|s|s|s|i_+|s|s|d
s|s|s|s|s|s|s|s|s|r_.
s|s|s|s|s|s|s|s|s|r_a
s|s|s|s|s|s|s|s|s|r_A
s|s|s|s|s|s|s|s|s|r_a|d
s|s|s|s|s|s|s|s|s|r_a|d|d|d
s|s|s|s|s|s|s|s|s|r_a|d|d|d|d
s|s|s|s|s|s|s|s|s|r_A|d|d|d|d
s|s|s|s|s|s|s|s|s|r_a|r_k
s|s|s|s|s|s|s|s|s|r_a|s
s|s|s|s|s|s|s|s|s|r_A|s|s|s|d|d|d|d
s|s|s|s|s|s|s|s|s|r_.|d|d|d|d|d
s|s|s|s|s|s|s|s|s|r_.|d|d|d|d|d|d
s|s|s|s|s|s|s|s|s|r_d|d|d|d|d|d|r_u
s|s|s|s|s|s|s|s|s|r_d|d|d|d|r_u
s|s|s|s|s|s|s|s|s|r_d|d|d|r_u
s|s|s|s|s|s|s|s|s|r_du
s|s|s|s|s|s|s|s|s|r_+garren4
s|s|s|s|s|s|s|s|s|r_i
s|s|s|s|s|s|s|s|s|r_i|d|d
s|s|s|s|s|s|s|s|s|r_j|d|d|d|r_e
s|s|s|s|s|s|s|s|s|r_j|r_e
s|s|s|s|s|s|s|s|s|r_r|d|d|r_i
s|s|s|s|s|s|s|s|s|r_R|s|s|s|s|s|d
s|s|s|s|s|s|s|s|s|r_R|s|s|s|s|s|d|d
s|s|s|s|s|s|s|s|s|r_#|s|s|s|s|d
s|s|s|s|s|s|s|s|s|r__|s|s|s|s|s|s|s|s|s
s|s|s|s|s|s|s|s|s|r_t|s
s|s|s|s|s|s|s|s|s|r_tu
s|s|s|s|s|s|s|s|s|r_u|d
s|s|s|s|s|s|s|s|s|r_u|d|d
s|s|s|s|s|s|s|s|s|r_u|d|d|d
s|s|s|s|s|s|s|s|s|r_u|d|d|d|d
s|s|s|s|s|s|s|s|s|r_u|d|d|d|d|d|d|d
s|s|s|s|s|s|s|s|s|s
s|s|s|s|s|s|s|s|s|s|d
s|s|s|s|s|s|s|s|s|s|d|d
s|s|s|s|s|s|s|s|s|s|d|d|d
s|s|s|s|s|s|s|s|s|s|d|d|d|d
s|s|s|s|s|s|s|s|s|s|d|d|d|d|d
s|s|s|s|s|s|s|s|s|s|d|d|d|d|d|d
s|s|s|s|s|s|s|s|s|s|d|d|d|d|d|d|d
s|s|s|s|s|s|s|s|s|s|d|d|d|d|d|d|d|d
s|s|s|s|s|s|s|s|s|s|d|d|d|d|d|d|d|d|d
s|s|s|s|s|s|s|s|s|s|d|d|d|d|d|d|d|d|d|d
s|s|s|s|s|s|s|s|s|s|d|d|d|d|d|d|d|d|d|d|d
s|s|s|s|s|s|s|s|s|s|d|d|s|d
s|s|s|s|s|s|s|s|s|s|d|d|s|d|d
s|s|s|s|s|s|s|s|s|s|d|d|s|d|d|d
s|s|s|s|s|s|s|s|s|s|d|d|s|d|d|d|d
s|s|s|s|s|s|s|s|s|s|d|d|s|r_k
s|s|s|s|s|s|s|s|s|s|d|s|s|s
s|s|s|s|s|s|s|s|s|s|d|s|s|s|s|s|s
s|s|s|s|s|s|s|s|s|s|i_ara
s|s|s|s|s|s|s|s|s|s|i_+|i_+|s|s|s|s|s|d|d
s|s|s|s|s|s|s|s|s|s|i_+|i_+|s|s|s|s|s|d|d|d|d
s|s|s|s|s|s|s|s|s|s|i_+|i_+|s|s|s|s|s|d|d|d|d|s
s|s|s|s|s|s|s|s|s|s|i_+|i_+|s|s|s|s|s|s|s|s|s|s
s|s|s|s|s|s|s|s|s|s|i_+!|s
s|s|s|s|s|s|s|s|s|s|r_.
s|s|s|s|s|s|s|s|s|s|r_a
s|s|s|s|s|s|s|s|s|s|r_A
s|s|s|s|s|s|s|s|s|s|r_a|d
s|s|s|s|s|s|s|s|s|s|r_a|d|d|d
s|s|s|s|s|s|s|s|s|s|r_a|d|d|d|d
s|s|s|s|s|s|s|s|s|s|r_a|s
s|s|s|s|s|s|s|s|s|s|r_A+|s|s|s|d
s|s|s|s|s|s|s|s|s|s|r_d|s|d|d|d|d|d
s|s|s|s|s|s|s|s|s|s|r_i|d|d|d
s|s|s|s|s|s|s|s|s|s|r_k
s|s|s|s|s|s|s|s|s|s|r_R
s|s|s|s|s|s|s|s|s|s|r_R|s|s|s|d|d
s|s|s|s|s|s|s|s|s|s|r_t|s
s|s|s|s|s|s|s|s|s|s|r_tu
s|s|s|s|s|s|s|s|s|s|r_u|d
s|s|s|s|s|s|s|s|s|s|r_u|d|d
s|s|s|s|s|s|s|s|s|s|r_u|d|d|d
s|s|s|s|s|s|s|s|s|s|r_u|d|d|d|d
s|s|s|s|s|s|s|s|s|s|r_u|d|d|d|d|d|d
s|s|s|s|s|s|s|s|s|s|r_u|d|d|d|d|d|d|d
s|s|s|s|s|s|s|s|s|s|s
s|s|s|s|s|s|s|s|s|s|s|d
s|s|s|s|s|s|s|s|s|s|s|d|d
s|s|s|s|s|s|s|s|s|s|s|d|d|d
s|s|s|s|s|s|s|s|s|s|s|d|d|d|d
s|s|s|s|s|s|s|s|s|s|s|d|d|d|d|d
s|s|s|s|s|s|s|s|s|s|s|d|d|d|d|d|d
s|s|s|s|s|s|s|s|s|s|s|d|d|d|d|d|d|d
s|s|s|s|s|s|s|s|s|s|s|d|d|d|d|d|d|d|d
s|s|s|s|s|s|s|s|s|s|s|d|d|d|d|d|d|d|d|d|d
s|s|s|s|s|s|s|s|s|s|s|d|d|d|d|d|s
s|s|s|s|s|s|s|s|s|s|s|d|d|d|d|s
s|s|s|s|s|s|s|s|s|s|s|d|d|d|d|s|d
s|s|s|s|s|s|s|s|s|s|s|d|d|d|s
s|s|s|s|s|s|s|s|s|s|s|d|d|s|d
s|s|s|s|s|s|s|s|s|s|s|d|d|s|d|d
s|s|s|s|s|s|s|s|s|s|s|d|d|s|d|d|d
s|s|s|s|s|s|s|s|s|s|s|d|d|s|r_u|d|d
s|s|s|s|s|s|s|s|s|s|s|i_+|i_+|s|s|s|s|s|s
s|s|s|s|s|s|s|s|s|s|s|i_+!|s
s|s|s|s|s|s|s|s|s|s|s|r_a|d
s|s|s|s|s|s|s|s|s|s|s|r_a|d|d|d
s|s|s|s|s|s|s|s|s|s|s|r_A|r_+|r_!|r_p|r_e
s|s|s|s|s|s|s|s|s|s|s|r_A|s|s|d|d
s|s|s|s|s|s|s|s|s|s|s|r_d|s|d|d|d|d
s|s|s|s|s|s|s|s|s|s|s|r_o|d
s|s|s|s|s|s|s|s|s|s|s|r_tu
s|s|s|s|s|s|s|s|s|s|s|r_u|d|d
s|s|s|s|s|s|s|s|s|s|s|r_u|d|d|d
s|s|s|s|s|s|s|s|s|s|s|r_u|d|d|d|d
s|s|s|s|s|s|s|s|s|s|s|r_u|d|d|d|d|d|d
s|s|s|s|s|s|s|s|s|s|s|s
s|s|s|s|s|s|s|s|s|s|s|s|d
s|s|s|s|s|s|s|s|s|s|s|s|d|d
s|s|s|s|s|s|s|s|s|s|s|s|d|d|d
s|s|s|s|s|s|s|s|s|s|s|s|d|d|d|d
s|s|s|s|s|s|s|s|s|s|s|s|d|d|d|d|d
s|s|s|s|s|s|s|s|s|s|s|s|d|d|d|d|d|d
s|s|s|s|s|s|s|s|s|s|s|s|d|d|d|d|d|d|d
s|s|s|s|s|s|s|s|s|s|s|s|d|d|d|d|d|d|d|d
s|s|s|s|s|s|s|s|s|s|s|s|d|d|d|d|d|d|d|d|d
s|s|s|s|s|s|s|s|s|s|s|s|d|d|s|d
s|s|s|s|s|s|s|s|s|s|s|s|d|d|s|d|d
s|s|s|s|s|s|s|s|s|s|s|s|d|d|s|d|d|d
s|s|s|s|s|s|s|s|s|s|s|s|d|s|s|d|d
s|s|s|s|s|s|s|s|s|s|s|s|i_+|i_+|s|s|s|s|d
s|s|s|s|s|s|s|s|s|s|s|s|i_+!|s
s|s|s|s|s|s|s|s|s|s|s|s|r_a
s|s|s|s|s|s|s|s|s|s|s|s|r_a|d
s|s|s|s|s|s|s|s|s|s|s|s|r_a|d|d|d
s|s|s|s|s|s|s|s|s|s|s|s|r_ak
s|s|s|s|s|s|s|s|s|s|s|s|r_a|r_k
s|s|s|s|s|s|s|s|s|s|s|s|r_a|s
s|s|s|s|s|s|s|s|s|s|s|s|r_u|d
s|s|s|s|s|s|s|s|s|s|s|s|r_u|d|d
s|s|s|s|s|s|s|s|s|s|s|s|r_u|d|d|d
s|s|s|s|s|s|s|s|s|s|s|s|r_u|d|d|d|d
s|s|s|s|s|s|s|s|s|s|s|s|r_u|d|d|d|d|d|d|d
s|s|s|s|s|s|s|s|s|s|s|s|s
s|s|s|s|s|s|s|s|s|s|s|s|s|d
s|s|s|s|s|s|s|s|s|s|s|s|s|d|d
s|s|s|s|s|s|s|s|s|s|s|s|s|d|d|d
s|s|s|s|s|s|s|s|s|s|s|s|s|d|d|d|d
s|s|s|s|s|s|s|s|s|s|s|s|s|d|d|d|d|d
s|s|s|s|s|s|s|s|s|s|s|s|s|d|d|d|d|d|d
s|s|s|s|s|s|s|s|s|s|s|s|s|d|d|d|d|d|d|d
s|s|s|s|s|s|s|s|s|s|s|s|s|d|d|d|d|d|d|d|d
s|s|s|s|s|s|s|s|s|s|s|s|s|d|d|d|d|d|d|d|d|d|d
s|s|s|s|s|s|s|s|s|s|s|s|s|d|d|d|d|s|d|d
s|s|s|s|s|s|s|s|s|s|s|s|s|d|d|s|d
s|s|s|s|s|s|s|s|s|s|s|s|s|d|s|s
s|s|s|s|s|s|s|s|s|s|s|s|s|i_+|i_+|s|s|s|s|d|d
s|s|s|s|s|s|s|s|s|s|s|s|s|i_+|i_+|s|s|s|s|s
s|s|s|s|s|s|s|s|s|s|s|s|s|i_+|i_+|s|s|s|s|s|d|d
s|s|s|s|s|s|s|s|s|s|s|s|s|i_+|i_+|s|s|s|s|s|d|d|d
s|s|s|s|s|s|s|s|s|s|s|s|s|i_+|i_+|s|s|s|s|s|s|s|s|s|d
s|s|s|s|s|s|s|s|s|s|s|s|s|r_a
s|s|s|s|s|s|s|s|s|s|s|s|s|r_a|d
s|s|s|s|s|s|s|s|s|s|s|s|s|r_a|d|d|d
s|s|s|s|s|s|s|s|s|s|s|s|s|r_N|d|d|s|r_e|d
s|s|s|s|s|s|s|s|s|s|s|s|s|r_t|d|d|r_u
s|s|s|s|s|s|s|s|s|s|s|s|s|r_u|d|d
s|s|s|s|s|s|s|s|s|s|s|s|s|r_u|d|d|d
s|s|s|s|s|s|s|s|s|s|s|s|s|s
s|s|s|s|s|s|s|s|s|s|s|s|s|s|d
s|s|s|s|s|s|s|s|s|s|s|s|s|s|d|d
s|s|s|s|s|s|s|s|s|s|s|s|s|s|d|d|d
s|s|s|s|s|s|s|s|s|s|s|s|s|s|d|d|d|d
s|s|s|s|s|s|s|s|s|s|s|s|s|s|d|d|d|d|d
s|s|s|s|s|s|s|s|s|s|s|s|s|s|d|d|d|d|d|d
s|s|s|s|s|s|s|s|s|s|s|s|s|s|d|d|d|d|d|d|d
s|s|s|s|s|s|s|s|s|s|s|s|s|s|d|d|d|d|d|d|d|d
s|s|s|s|s|s|s|s|s|s|s|s|s|s|d|d|s|d
s|s|s|s|s|s|s|s|s|s|s|s|s|s|i_N|s
s|s|s|s|s|s|s|s|s|s|s|s|s|s|i_+!|s|s|s|d|d|s
s|s|s|s|s|s|s|s|s|s|s|s|s|s|r_a
s|s|s|s|s|s|s|s|s|s|s|s|s|s|r_a|d
s|s|s|s|s|s|s|s|s|s|s|s|s|s|r_a|r_k
s|s|s|s|s|s|s|s|s|s|s|s|s|s|r_u|d|d
s|s|s|s|s|s|s|s|s|s|s|s|s|s|r_u|d|d|d
s|s|s|s|s|s|s|s|s|s|s|s|s|s|s
s|s|s|s|s|s|s|s|s|s|s|s|s|s|s|d
s|s|s|s|s|s|s|s|s|s|s|s|s|s|s|d|d
s|s|s|s|s|s|s|s|s|s|s|s|s|s|s|d|d|d
s|s|s|s|s|s|s|s|s|s|s|s|s|s|s|d|d|d|d
s|s|s|s|s|s|s|s|s|s|s|s|s|s|s|d|d|d|d|d
s|s|s|s|s|s|s|s|s|s|s|s|s|s|s|d|d|d|d|d|d
s|s|s|s|s|s|s|s|s|s|s|s|s|s|s|d|d|s|d
s|s|s|s|s|s|s|s|s|s|s|s|s|s|s|r_a
s|s|s|s|s|s|s|s|s|s|s|s|s|s|s|r_a|d
s|s|s|s|s|s|s|s|s|s|s|s|s|s|s|r_A|d
s|s|s|s|s|s|s|s|s|s|s|s|s|s|s|r_a|d|d|d
s|s|s|s|s|s|s|s|s|s|s|s|s|s|s|s
s|s|s|s|s|s|s|s|s|s|s|s|s|s|s|s|d
s|s|s|s|s|s|s|s|s|s|s|s|s|s|s|s|d|d
s|s|s|s|s|s|s|s|s|s|s|s|s|s|s|s|d|d|d
s|s|s|s|s|s|s|s|s|s|s|s|s|s|s|s|d|d|d|d
s|s|s|s|s|s|s|s|s|s|s|s|s|s|s|s|d|d|d|d|d
s|s|s|s|s|s|s|s|s|s|s|s|s|s|s|s|r_a
s|s|s|s|s|s|s|s|s|s|s|s|s|s|s|s|r_a|d
s|s|s|s|s|s|s|s|s|s|s|s|s|s|s|s|s
s|s|s|s|s|s|s|s|s|s|s|s|s|s|s|s|s|d
s|s|s|s|s|s|s|s|s|s|s|s|s|s|s|s|s|d|d
s|s|s|s|s|s|s|s|s|s|s|s|s|s|s|s|s|d|d|d
s|s|s|s|s|s|s|s|s|s|s|s|s|s|s|s|s|d|d|d|d
s|s|s|s|s|s|s|s|s|s|s|s|s|s|s|s|s|d|d|d|d|d
s|s|s|s|s|s|s|s|s|s|s|s|s|s|s|s|s|d|d|d|d|d|d
s|s|s|s|s|s|s|s|s|s|s|s|s|s|s|s|s|d|d|s|d
s|s|s|s|s|s|s|s|s|s|s|s|s|s|s|s|s|r_a|d
s|s|s|s|s|s|s|s|s|s|s|s|s|s|s|s|s|r_u|d|d|d
s|s|s|s|s|s|s|s|s|s|s|s|s|s|s|s|s|s
s|s|s|s|s|s|s|s|s|s|s|s|s|s|s|s|s|s|d
s|s|s|s|s|s|s|s|s|s|s|s|s|s|s|s|s|s|d|d
s|s|s|s|s|s|s|s|s|s|s|s|s|s|s|s|s|s|d|d|d
s|s|s|s|s|s|s|s|s|s|s|s|s|s|s|s|s|s|d|d|d|d
s|s|s|s|s|s|s|s|s|s|s|s|s|s|s|s|s|s|d|d|d|d|d
s|s|s|s|s|s|s|s|s|s|s|s|s|s|s|s|s|s|d|d|d|d|d|d
s|s|s|s|s|s|s|s|s|s|s|s|s|s|s|s|s|s|d|d|d|d|d|d|d
s|s|s|s|s|s|s|s|s|s|s|s|s|s|s|s|s|s|s
s|s|s|s|s|s|s|s|s|s|s|s|s|s|s|s|s|s|s|d
s|s|s|s|s|s|s|s|s|s|s|s|s|s|s|s|s|s|s|d|d
s|s|s|s|s|s|s|s|s|s|s|s|s|s|s|s|s|s|s|d|d|d
s|s|s|s|s|s|s|s|s|s|s|s|s|s|s|s|s|s|s|d|d|d|d
s|s|s|s|s|s|s|s|s|s|s|s|s|s|s|s|s|s|s|d|d|d|d|d
s|s|s|s|s|s|s|s|s|s|s|s|s|s|s|s|s|s|s|s
s|s|s|s|s|s|s|s|s|s|s|s|s|s|s|s|s|s|s|s|d
s|s|s|s|s|s|s|s|s|s|s|s|s|s|s|s|s|s|s|s|d|d
s|s|s|s|s|s|s|s|s|s|s|s|s|s|s|s|s|s|s|s|d|d|d
s|s|s|s|s|s|s|s|s|s|s|s|s|s|s|s|s|s|s|s|d|d|d|d
s|s|s|s|s|s|s|s|s|s|s|s|s|s|s|s|s|s|s|s|s
s|s|s|s|s|s|s|s|s|s|s|s|s|s|s|s|s|s|s|s|s|d
s|s|s|s|s|s|s|s|s|s|s|s|s|s|s|s|s|s|s|s|s|d|d
s|s|s|s|s|s|s|s|s|s|s|s|s|s|s|s|s|s|s|s|s|s
s|s|s|s|s|s|s|s|s|s|s|s|s|s|s|s|s|s|s|s|s|s|d|d
s|s|s|s|s|s|s|s|s|s|s|s|s|s|s|s|s|s|s|s|s|s|d|d|d
s|s|s|s|s|s|s|s|s|s|s|s|s|s|s|s|s|s|s|s|s|s|s
s|s|s|s|s|s|s|s|s|s|s|s|s|s|s|s|s|s|s|s|s|s|s|d|d
s|s|s|s|s|s|s|s|s|s|s|s|s|s|s|s|s|s|s|s|s|s|s|d|d|d
s|s|s|s|s|s|s|s|s|s|s|s|s|s|s|s|s|s|s|s|s|s|s|s
s|s|s|s|s|s|s|s|s|s|s|s|s|s|s|s|s|s|s|s|s|s|s|s|s|s|d|d|d|d|d
s|s|s|s|s|s|s|s|s|s|s|s|s|s|s|s|s|s|s|s|s|s|s|s|s|s|s
s|s|s|s|s|s|s|s|s|s|s|s|s|s|s|s|s|s|s|s|s|s|s|s|s|s|s|d
s|s|s|s|s|s|s|s|s|s|s|s|s|s|s|s|s|s|s|s|s|s|s|s|s|s|s|s
s|s|s|s|s|s|s|s|s|s|s|s|s|s|s|s|s|s|s|s|s|s|s|s|s|s|s|s|s
s|s|s|s|s|s|s|s|s|s|s|s|s|s|s|s|s|s|s|s|s|s|s|s|s|s|s|s|s|s
s|s|s|s|s|s|s|s|s|s|s|s|s|s|s|s|s|s|s|s|s|s|s|s|s|s|s|s|s|s|s|s|s|s|s|s|s|s|s|s|s|s|s|s|s|s|s|s|s|s|s|s|s|s|s
